項目：第３次産業活動指数【四半期】業種別季調済指数（2015＝100.0）,,,,,,,,,,,,,,,,,,,,,,,,,,,,,,,,,
,,,,,,,,,,,,,,,,,,,,,,,,,,,,,,,,,
品目番号,品目名称,ウエイト,2013Q1,2013Q2,2013Q3,2013Q4,2014Q1,2014Q2,2014Q3,2014Q4,2015Q1,2015Q2,2015Q3,2015Q4,2016Q1,2016Q2,2016Q3,2016Q4,2017Q1,2017Q2,2017Q3,2017Q4,2018Q1,2018Q2,2018Q3,2018Q4,2019Q1,2019Q2,2019Q3,2019Q4,2020Q1,2020Q2,2020Q3
K1D000000I,第３次産業総合,10000,99.7,100.3,100.4,100.5,101.7,98.5,99.1,99.3,99.9,100,100.2,99.9,100.7,100.1,100.6,100.7,100.8,101.6,101.6,102,102.2,102.9,102.5,103.4,103.5,103.6,104.4,101.2,100.1,90,95.6
DA00000I,　電気・ガス・熱供給・水道業,378.3,102.8,104.2,104.8,104.5,103.7,103.3,101,103.1,100.7,101.6,99.7,98.5,101.3,99.2,100.4,100.3,100,100.3,99.9,102.4,101.1,100.7,103.1,100.1,99.1,100.3,100.2,98.9,96.6,95.5,97.6
DAA0000I,　　電気業,244.5,103.9,105.9,107,106.5,105,104.1,101.4,104.1,101.4,102.1,99.3,98,102.2,97.6,99.1,98.3,98.1,97.9,98.3,101,99.4,99.7,102.2,98,96.8,98.4,98.9,96.6,93.5,93.4,96.3
DAB0000I,　　ガス業,47.8,100.9,99.8,99,100,102.4,102.1,100.8,102.2,99.5,100,102.3,98.7,102.3,104.8,109.5,110.1,110,109.6,106.8,112.2,111.3,104,110.7,108.6,109.1,108.8,107.6,107,107.4,98.4,100
DAC0000I,　　熱供給業,2.8,104.3,104.8,108,106.9,105.6,102.7,97.3,100.7,103.1,106.8,98,97.3,98.6,102.1,104,106,102,102.3,104.6,105.4,105.8,104.6,110.6,104,103,105.8,109.5,109.3,99.1,88.3,100.3
DAD0000I,　　水道業,83.2,100.9,101.1,101.5,101.1,100.7,100.6,100.5,100.4,100.2,100.4,99.7,100.1,100.1,99.8,99.4,100.2,100.7,100.6,100.3,100.8,100.9,100.6,100.7,100.8,100.4,100.2,99.6,100.8,101,98.8,100.2
DB00000I,　情報通信業,946.9,97.7,98.7,100.4,99.4,101.7,97.8,99.2,100.1,100.3,99.4,99.8,100.3,100.9,101.3,101.5,102.2,102.2,102.4,103,102.9,103.4,105,104.7,105.9,105.5,106.1,106.8,104,105,101.7,101.1
DBA0000I,　　通信業,323.2,97.7,98.1,98.6,96.9,104.2,96.2,99.2,100.9,101.9,99.8,98.8,100,102.5,102.5,103.5,104.1,104.7,104.7,105.5,107.2,111,112.2,112.1,112.4,112.8,112.6,113.1,111.3,111.5,109.4,111.3
DBB0000I,　　放送業,72.8,98.4,96.2,99,102.3,105.8,100.1,98.6,99.1,100.4,99.3,100.3,100.4,101.4,101.1,101.7,100.6,100,99.6,99.4,100.6,101.3,101.3,101.3,101.3,102.2,101.1,99.3,96.4,95.4,85,88.2
DBC0000I,　　情報サービス業,405.2,97.1,98.3,100.4,99.6,100.3,97.7,98,99.7,99.7,99.4,99.7,100.4,100.3,101.4,100.6,101.9,102.4,102.8,103.3,101.7,101.4,103.2,102.7,105.7,104.3,105.8,107.8,104.9,106.2,106.9,101.4
DBCA000I,　　　ソフトウェア業,243.8,96.2,97.1,100.5,99.1,99.6,96.9,97.3,98.5,99.6,99,99.7,100,99.6,99,99.2,101,101.3,102.7,103.6,100.1,100.1,102.5,101.9,106.4,104.4,106.3,107.6,104.5,105.7,111.7,103.9
DBCA100I,　　　　受注ソフトウェア,196.3,96.3,97.3,98.9,98.9,98.6,96.8,96.9,98,100.6,99.3,98.9,100.6,98.5,98.6,97.9,98.6,98.7,98.9,97.4,95.4,94.6,96.7,95.7,97.5,99.7,100,101,98.8,96.8,94.1,93.2
DBCA200I,　　　　ソフトウェアプロダクト,47.5,97.1,95.5,105.4,101,104.8,97.7,97.6,101.7,97.8,99.4,100.6,100.3,102.1,102.7,102.3,111.1,114.1,120.8,127.9,119.1,123,128.5,125,140.3,123.7,132,136.1,125.6,140.8,180,148.1
DBCA210I,　　　　　ゲームソフト,15.4,95.4,82.4,108.2,92.1,103.3,89.6,92.6,93.7,95.1,96,98.7,109.7,103.5,99.8,103.4,131,144,157.3,177.2,136.8,164.1,167.9,164.7,188.6,163.7,173.8,196.2,169,213.8,287.9,232.9
DBCA220I,　　　　　ソフトウェアプロダクト（除くゲームソフト）,32.1,102.9,100.5,104.2,106.5,105.4,99.7,100.8,106.1,100.5,99.8,100.5,97.5,101.7,101.1,101.2,100.8,100.9,104.2,104.6,110,102.8,109.8,105.4,110.7,104.5,111.1,107.8,103.3,112.7,130.4,107.8
DBCB000I,　　　情報処理・提供サービス業,161.4,98.7,99.8,100.4,100.2,101.5,98.8,99.1,101,99.5,100,99.9,100.4,101.1,105.1,102.7,103.1,103.7,103.2,102.7,104.1,102.7,104.3,104.2,104.9,104.1,105.8,108.6,105,106.9,101.7,98.7
DBCB100I,　　　　システム等管理運営受託,32.9,93.7,93.5,96,96.7,97.2,94.9,98.3,98.1,99.1,100.4,100.1,100.1,102.8,103.2,104.8,105.2,104.7,108.3,109.3,111.3,111.6,110.5,111.5,112.9,112.3,113.8,114.5,109.4,113.8,111,109.6
DBCB200I,　　　　その他の情報処理・提供サービス業,128.5,100,101.3,101.5,101.3,102.5,99.6,99.2,102.1,99.6,99.7,99.9,100.7,100.7,105.5,102.1,102.7,103.5,101.6,101,102.3,100.7,102.5,102.3,102.8,101.9,103.9,107.2,103.9,104.8,99.5,96.1
DBD0000I,　　インターネット附随サービス業,32.8,81.3,82.4,80.4,85.6,89.2,87.7,90.7,91.9,97.8,100.3,99.7,102.1,102.7,103.6,105.5,106.7,107.9,107.9,110.9,111.3,109.2,110.9,110.7,111.3,109.9,109.3,111.5,108.9,112.1,112.7,118.2
DBDA100I,　　　サイト運営業務,19,82.3,84,81.4,87.5,92,92.5,93.9,92.4,97.5,100,101,101.3,102.7,104.4,107.2,109,110.8,109.4,112.3,114.2,112.8,115.4,114.7,114.2,113.8,112.4,115.8,113.6,115.8,114.1,120.8
DBDA200I,　　　コンテンツ配信業務,11.9,78.3,77.6,77.6,79,82.3,78.5,85.6,88.9,98.9,101,97.5,102.3,104.1,103,103.5,102.5,103.9,106.2,109.1,106.4,104.7,104.2,103.5,103.2,101.6,100.2,99.2,98,103.2,108.1,111.5
DBDA300I,　　　その他のインターネット附随サービス業,1.9,91.8,93.7,91.8,103.8,100.9,99.6,100.6,95.8,98,99.2,101,101.1,98.4,100.5,103.6,103.5,106.1,104.6,110.4,107.5,107.6,110.2,112.9,122,123.1,139.1,142.6,126.9,128.4,130.7,132.4
DBE0000I,　　映像・音声・文字情報制作業,112.9,107.8,108.7,108.1,106.7,106.7,105.6,102.9,100.7,101.4,99,100.2,99.3,99.3,98.1,96.8,97.7,96.6,96,93.4,93.1,91.4,91.5,90.6,88.3,89.4,89.8,89.1,85.3,83.8,71.7,75.6
DBEB000I,　　　映像情報制作・配給業,44.6,107.1,104.4,106.5,106.2,107.3,106.6,103,98.5,101,97.9,100.9,100.3,100.4,99,97.8,101.9,99.2,100.2,95.6,95.8,95.2,96,96,92.8,97.8,98.3,99.3,94.3,90.5,69.5,74
DBEB100I,　　　　ビデオ制作・配給業,8.6,126,125.3,122.1,116.5,115.7,97.8,119.9,101,108.8,89.9,98.4,105.2,104.9,95.4,87.6,93,86.5,98.8,84.9,84.6,87.6,82.2,93.8,74.3,76.7,75.1,68.6,76.3,67.9,64.3,61.4
DBEB200I,　　　　映画制作・配給業,10.1,103.3,82,102.3,101.9,101.2,117.4,97.1,90.7,96.4,96.7,106.7,99.6,94.4,101.7,109.9,121.8,116.5,110.8,102.1,101.6,95.2,98.6,94.9,102.8,116.4,120,126.1,111.9,86.4,7.7,47.5
DBEB300I,　　　　テレビ番組制作・配給業,25.9,103.6,105.3,104.7,104.2,108.3,102.7,100.6,100.7,101.5,99.3,100.3,98.8,99.2,98,98.1,98.6,97.3,97,98,98,98.2,99.3,98.2,96,97.8,97.9,97.5,94.7,97.2,97.2,90.1
DBEC000I,　　　音声情報制作業,6.9,110.4,118.5,114.4,103,115.3,102.1,96.5,97.7,109.6,98.2,98.2,94.3,99,99,94.9,98,97.4,89.1,89.9,103.3,84.3,92,86.9,80.2,80.3,95.4,84.1,75.3,77.6,44.4,80.8
DBEC100I,　　　　レコード制作業,6,112.4,123.4,118.3,105,113.6,106.9,98.1,98.2,111.1,102.5,97.9,94.6,96.2,96.8,92.4,94.2,98.6,86.3,86.9,100.3,84.7,90.8,86.7,77.6,79.3,95,84.5,75.9,74.9,41.1,81.2
DBEC200I,　　　　ラジオ番組制作業,0.9,106.5,106.3,104.1,101.9,104.1,102.1,102.2,101.8,99.4,98.7,99.8,101.9,102.2,104.5,101.4,101.9,100.2,98.8,96.9,96.4,92.9,92,92.6,89.9,89.7,89.2,87.4,83.5,84.7,70.8,74.1
DBED100I,　　　新聞業,32.5,108.6,108.4,107.6,106.9,106.1,104.3,102.9,101.6,100.6,100.2,99.9,99.2,98.4,97.8,97.1,96.6,96,95,93.9,92.7,91.4,90.3,89.2,88,86.8,85.3,84.1,83.1,82,79.6,77.7
DBED200I,　　　出版業,28.9,109.7,111.4,109.2,108.2,106.2,105.2,104,104.1,102.8,98.9,99.8,98.7,98.6,96.3,95.4,92.7,94,91.6,89.4,87.8,87.2,85.4,84.1,84.7,83.1,80.5,78.5,76.7,77,73,74.5
DBED210I,　　　　週刊誌,1.5,127.4,126.8,121.6,116.7,117.7,115.3,112.2,111.6,105.3,100.6,98,96,92.7,89.9,90.2,84.4,86.3,83.1,81.2,77.1,77.7,75.8,73.4,72.1,70.3,68.6,68.5,64.6,65,59.1,58.7
DBED220I,　　　　月刊誌,7.1,108.6,112.1,111.1,108.9,107.3,106.7,106.1,105.9,105,100.7,98.8,95.9,94.8,93.1,90.5,90.6,88,86.6,82.8,79.9,77.9,75.1,73.5,72.5,70.3,68.2,68,67.1,65.6,65,64.5
DBED230I,　　　　書籍,20.3,108.7,109.8,107.6,107.5,105,103.5,102.7,102.8,102,97.9,100.3,100,100.4,97.7,97.5,94.1,96.3,93.9,92.6,91.1,91.1,89.8,88.5,90,86.9,85.8,83.2,82.3,80.2,76.8,79.6
DC00000I,　運輸業，郵便業,968.8,97.9,98.8,99.6,100.4,102.1,99.2,99.4,99.6,99.9,100.3,100.2,99.7,100.1,99.8,100.4,101.1,101.9,102.7,102.7,103.3,103.2,104.1,103.5,104.1,104.3,104.1,105.1,102.3,99.9,82.8,89.5
DCA0000I,　　運輸業,928.1,97.9,98.8,99.7,100.5,102.1,99.2,99.4,99.7,99.9,100.2,100.2,99.6,100.1,99.7,100.5,101.3,101.9,102.8,102.8,103.4,103.3,104.3,103.7,104.6,104.5,104.4,105.4,102.8,100,82.4,89.5
DCAA000I,　　　鉄道業,184.2,96.2,96.5,97.2,97.2,101.8,96.5,97.4,98.4,99.2,99.8,100.8,100.2,100.8,101.1,101.6,101.9,102.1,102.3,103.2,103.1,103.3,103.3,103.3,104.5,104.4,104.5,107.3,104.4,97.2,62.8,77.1
DCAA100I,　　　　鉄道旅客運送業,181.4,96.2,96.5,97.1,97.2,101.8,96.5,97.4,98.5,99.1,99.8,100.8,100.3,100.8,101,101.6,101.9,102.1,102.3,103.2,103.1,103.3,103.3,103.6,104.6,104.5,104.6,107.4,104.5,97.2,62.5,76.9
DCAA110I,　　　　　鉄道旅客運送業（ＪＲ）,114.1,97,97.1,97.5,97.6,102.7,96.7,97.4,98.7,99.4,99.9,100.5,100,100.6,100.9,101.1,101.7,101.7,101.7,102.6,102.5,102.6,102.5,102.7,103.7,103.6,103.6,105.4,103.6,96.8,62.8,76.3
DCAA120I,　　　　　鉄道旅客運送業（ＪＲを除く）,67.3,95.2,95.5,96,96.4,100.5,96,96.9,97.9,99,99.7,100.7,100.6,101,101.3,102,102.4,102.8,103.3,103.9,104.2,104.4,104.8,105,106.2,106.1,106.4,110.5,105.9,98.1,62,77.8
DCAA200I,　　　　鉄道貨物運送業,2.8,97.4,98.6,98.5,101.4,104.3,98.6,99.8,97.2,99,100.2,101.3,100.1,100.2,100.6,100.3,101.1,101.4,103.3,103.4,102.7,102.7,102.2,81.3,97.2,99.6,101.2,101,90.5,95.4,85.1,88.1
DCAB000I,　　　道路旅客運送業,96.7,99.1,99.6,99,100.7,101.4,99,98.6,99.5,99.8,99.3,101.2,99.7,99.2,99.2,99.5,99.4,100.5,101.2,101.4,103.1,101.5,101.7,103,102,98.5,100.6,102.5,100.1,89.9,54.9,70.9
DCAB100I,　　　　バス業,42.7,96.3,96.4,96.1,97.9,99,97.3,97.8,98.1,98.8,99.1,101.6,100.3,100.6,101.7,102.3,102.5,102.3,102.8,102.9,105,105.3,104.5,106.4,106.3,105.8,106,108.2,106.3,99.6,65.8,82.5
DCAB200I,　　　　タクシー業,54,101.2,101.9,101.5,102.9,103.4,100.2,99.5,100.6,100.7,99.3,101,99.1,98.3,97.2,97.3,96.6,99.3,100,100.1,101.1,98.8,99.6,100.1,98.5,92.9,96.4,97.9,95.2,82.3,46.1,61.6
DCAC000I,　　　道路貨物運送業,391.7,98.1,99.6,100.6,102,103.5,100,100,100.5,100.8,100.3,99.7,99.4,99.6,98.5,99.8,101.6,102.5,104.1,103.7,104.7,104.2,106.1,104.8,105,105.3,103.8,104.8,101.3,103.2,100.3,101
DCAC100I,　　　　一般貨物自動車運送業,345.1,98.4,100.1,101.2,101.8,104.1,100.4,100.3,100.7,100.9,100.7,99.8,99,100.1,97.7,99.4,100.4,100.5,102.2,102.5,102.6,103.4,104.3,103.1,103.2,103.7,102.9,102.9,99.5,102.2,96.1,97.2
DCAC200I,　　　　宅配貨物運送業,46.6,95,97,97.1,98,100.5,96.5,97.3,97.9,98.2,99.4,101.1,101.6,104.3,104.4,105,112,114.1,115.1,114.6,114.2,115,115.6,114.5,117,117.2,116.6,117.4,115,121.2,132.2,128
DCAD000I,　　　水運業,32.9,100.7,102,103.1,102.6,101.7,100.4,99.3,99.3,101,100.7,99.4,99,100.7,99.6,100,101.1,99.7,101,98.7,99,98.8,99.3,98.5,102.5,99.7,99.3,98.8,97.9,94.2,82.9,84.8
DCAD100I,　　　　水運旅客運送業,1.5,94.6,96.2,99.1,96,96.1,92,91.8,92.9,93.7,101.7,103.8,100.5,102.1,100.2,100.2,101.5,103.7,105.1,101.9,103,100.4,99.9,100.7,104.8,107,113.4,105,106.2,83.2,31.1,46.4
DCAD200I,　　　　水運貨物運送業,31.4,101,102.3,103.2,102.8,102,100.7,99.6,99.5,101.5,100.6,99.1,98.8,100.8,99.5,99.8,101.2,99.6,100.7,98.5,99,98.8,99.1,98.4,102.5,99.5,98.6,98.5,97.5,95,85.3,87.4
DCAD210I,　　　　　外航貨物水運業,20,101.5,101.3,102,102.4,100.9,99.8,99.5,99.8,101.2,100.4,100.1,98.7,98.5,100.2,100.7,101,99,100.2,98,99.7,99.9,100,99.8,103.4,100.2,99.9,100.2,99.8,94.9,88.1,90
DCAD220I,　　　　　内航貨物水運業,11.4,101.1,103.9,105.8,103.7,104.4,102.7,100.6,99.3,101.7,101.3,98.3,99.3,100.6,98.6,99.5,101.2,100.6,102,100.2,97.2,96.9,98.2,96.8,100.7,98.1,96.1,96.2,94,91.6,80.2,83.5
DCAE000I,　　　航空運輸業,19.6,87.3,88.2,92,93.6,93.6,95.1,96.5,97.6,99.7,99.3,100.1,101.2,103,104.5,106.5,109.3,112.2,111.9,113.5,114.9,115.3,117.5,113.2,116.6,116.5,117.7,116.2,116.6,89.8,18.6,31.5
DCAE100I,　　　　航空旅客運送業,16.8,87.4,88.2,92.1,93.5,93.3,94.4,95.9,97.1,98.7,99.5,100.2,101.9,104,105.1,106.9,109.4,112.5,111.6,113.2,114.8,115.5,117.8,114.2,118,118.5,120.2,118.5,119.2,88.3,9.9,24.3
DCAE110I,　　　　　国際航空旅客運送業,6.5,81.6,78.8,85.6,86.4,86.5,88.6,91,92.8,95.7,99.7,100.8,104.1,109.4,114,115.1,119,123.1,120.3,124.1,128.1,128.5,131.8,129.9,131.1,130.7,131.8,131.4,130.9,85.1,2.9,4
DCAE120I,　　　　　国内航空旅客運送業,10.3,90.9,94.6,96.3,97.7,97.5,98.2,99.1,99.6,100.8,99.2,99.7,100.5,100.1,99.2,101.5,103.4,105.5,106.6,106.5,106.6,106.9,109.6,104.5,109.8,110.9,112.3,110.7,111.6,90.1,14.5,36.4
DCAE200I,　　　　航空貨物運送業,2.8,87.7,87.8,90.6,94.3,96.3,99.4,99.8,99.5,108.1,98.4,98,96.8,98.8,102,103.5,107.7,112.2,113.4,114.2,114.8,115.7,115.8,106.1,108.1,103.2,102.4,101.9,102.7,99.1,69.9,76.4
DCAE210I,　　　　　国際航空貨物運送業,2.3,85.5,85.2,88.6,92.3,95,99.1,99.2,99.3,109.9,97.9,97.5,96.2,97.6,102.8,104.8,109.7,114.6,116.4,117.5,118.6,120,120.4,110,112.7,106.6,105.5,105.6,106.8,101.9,76.8,82.7
DCAE220I,　　　　　国内航空貨物運送業,0.5,98.5,99.9,100.3,103,103.6,100.4,102.6,100.7,100.3,100.4,100.7,98.9,99.4,98,97.9,98.4,101.6,100.2,99.8,98.1,95.5,94.4,89.1,88.1,87.5,87.3,85.4,84.7,81.4,36.3,47.6
DCAF000I,　　　倉庫業,48,95.3,95.5,97.4,100.5,100,98.8,100.5,99.5,101,100.4,99.6,98.9,98.9,98.6,97,98.4,97.7,98.8,100.9,100.1,101,101.6,101.5,104.7,104,105.7,105.4,108.1,106.5,104.9,106.1
DCAF100I,　　　　普通倉庫業,38.7,95.2,95.4,97.7,101.7,101.3,99.6,101.2,99.8,101.4,100.5,99.4,98.6,98.6,98.6,96.7,98.5,97.7,99,101.2,100,100.9,101.3,101.2,104.7,103.7,106,105.4,109,107.1,104.6,106.9
DCAF200I,　　　　冷蔵倉庫業,9.3,95.8,96,95.9,95.3,94.4,95.9,97.4,98.6,99.2,100.4,100.1,100.3,100.5,98.9,98.5,98,97.5,98.2,99.3,99.9,101.8,102.9,103,104.3,105.7,105.4,105.3,103.9,104.9,106,102.5
DCAG000I,　　　運輸に附帯するサービス業,155,98.7,100.3,101.1,101.3,101.1,99.1,98.6,98.3,99.7,100,100.2,100,101.6,100.7,101.5,102.3,102.5,103.2,102.4,102.5,102.8,104,102.4,105.6,105,105,104.9,103.6,100.9,79.9,90.5
DCAG100I,　　　　港湾運送業,35.2,101.4,101.7,102.7,102.4,101.8,100.1,99.4,99.8,101.2,100.7,99.5,98.9,100.7,99.9,100.2,101.5,99.1,100.3,98.1,99.1,99.2,99.3,98.7,102.6,99.7,100.1,99.4,98.2,95.8,86.3,88.9
DCAG200I,　　　　こん包業,21.9,98.2,99.8,100.7,101.9,103.3,100.1,100,100.4,100.8,100.4,99.6,99.2,99.6,98.6,99.8,101.4,102.4,104,103.4,104.3,103.9,105.6,104.3,104.7,104.7,103.6,104.3,101.1,102.3,99,99.8
DCAG300I,　　　　運輸施設提供業,97.9,97.7,99.9,100.5,100.8,100.3,98.3,97.9,97.5,98.8,99.6,100.6,100.8,101.1,101.5,102.3,103.1,103.6,104,103.7,103.6,103.6,105.4,103.3,106.7,107,107.8,106.9,105.9,101.3,73.6,89.5
DCAG310I,　　　　　道路施設提供業,81.4,99.6,101.8,102.5,102.5,101.5,99,98.5,97.8,99.1,99.7,100.7,100.3,100.5,100.8,101.9,102.2,102.7,103.1,103,102.2,102.2,104.3,103.4,105.4,105.5,105.9,105.3,104.1,101.5,81.7,98.5
DCAG320I,　　　　　飛行場業,16.5,88.4,90.1,91.6,92.4,93.9,94.7,95.4,95.9,97.3,98.9,101.1,102.9,103.6,104.9,105.5,106.4,107.6,108.1,108.3,109.4,110.1,110.6,104.5,112.6,113.9,116.4,116.3,115.3,99.5,33.8,45.5
DCB0000I,　　郵便業（信書便事業を含む）,40.7,98,98.8,98.7,98.8,102.3,98.5,97.7,98.6,99.5,101.5,100.2,100.3,99.4,101.3,100.4,98.3,99.6,99.9,99.2,100.4,101,100.3,99.2,95.9,99.5,100.4,100.5,93.2,96.6,90.9,90.8
DCX1000I,　　旅客運送業,296.4,96.8,97,97.4,98,101.2,97.2,97.6,98.6,99.4,99.7,100.9,100.1,100.4,100.7,101.1,101.4,102.2,102.5,103.1,103.7,103.4,103.6,103.9,104.5,103.6,104.1,106.4,103.7,94.4,57.1,71.6
DCX2000I,　　貨物運送業,428.7,98.2,99.8,100.7,101.9,103.3,100.1,100,100.4,100.8,100.4,99.6,99.2,99.6,98.6,99.8,101.4,102.4,104,103.4,104.3,103.9,105.6,104.3,104.7,104.7,103.6,104.3,101.1,102.3,99,99.8
DD00000I,　卸売業,1350.5,105.3,105.9,104.3,105,107.4,100.5,100.8,99.4,101.3,99.6,99.5,99.5,100.5,100.1,100.9,99.9,98.7,100.4,100.8,101.6,102.3,103.2,100.6,102,101.8,102.8,104.2,96.5,95.6,85.8,89.3
DDA0000I,　　各種商品卸売業,19.1,97.1,93.6,94.4,93.6,97.2,96.3,90,90.8,100.5,101.3,98.1,99.2,99.3,100.4,103.7,101.4,95.7,97.8,99.7,98.8,96.7,97,91.9,93.7,87.9,84,85.4,82.9,79.7,71.3,68.9
DDB0000I,　　繊維・衣服等卸売業,61,126,122.2,114.1,115.9,116.7,111.1,109.1,103.6,102.3,100,98.7,98.9,98.2,90.8,85.9,79.7,81.1,82.8,84.9,82.8,82.4,79.6,75.4,73.9,74.9,73.6,75.4,69.1,64.1,52.3,56.6
DDBA100I,　　　繊維品卸売業,11.1,110.2,103.7,96.9,100.1,104.9,105.3,103.4,96.8,100,100.8,98.9,99.8,97.3,96.6,93.7,90.7,87.5,90.4,92.4,92.7,91.9,91.4,88.7,90.4,90.3,88.4,87.6,84.1,79,66.5,65.8
DDBA200I,　　　衣服・身の回り品卸売業,49.9,128,126.6,118.1,120,119.2,110.6,108.7,104.3,103.7,99.5,98.2,98.8,97,89.6,84.8,78.4,79.5,82.1,84.2,80.9,81.1,77.6,72.1,71.6,70.5,71.1,72.5,65,60.7,49.4,54.5
DDC0000I,　　飲食料品卸売業,234.3,94.1,95.4,94,96.9,98.4,94.1,96.1,96.5,98.4,100.2,101.2,100.4,100.9,100.2,100.7,99.8,101.3,101.6,101.4,103.3,104.6,105.5,105.9,107.5,104.1,104.9,105.5,103.1,102.2,97.5,101.6
DDCA100I,　　　農畜産物・水産物卸売業,88.2,92.9,93.6,92,98.1,99,96.5,99,96.6,99.7,102.7,101.9,96.4,98.2,97.5,96.1,93.5,93.8,94.1,93.7,95.7,97.5,95.5,95.5,96.5,97.2,97.3,99.3,95.6,95.4,90.8,97.1
DDCA200I,　　　食料・飲料卸売業,146.1,94.7,96.7,95.2,96,97.7,92.9,94.5,96.4,97.3,98.8,100.9,102.6,103.5,101.9,103.5,103.3,105.8,106,106.1,107.7,108.8,111.3,112,114,108.3,109.2,109.4,107.5,107.6,101.3,104.3
DDD0000I,　　建築材料，鉱物・金属材料等卸売業,242.7,103.9,104.5,100.8,100.4,103.9,98,96.2,95,100,98.3,100.1,102,104.8,106.3,106.5,102.4,98.2,99.9,103.1,99.6,98.9,99.4,96.3,100.3,102.7,101.7,99.8,96.6,94.1,88.7,88.4
DDDA100I,　　　建築材料卸売業,77.7,110.7,113,110.1,109.5,114.5,105.8,103.2,99,99.3,100,100.6,100.4,103.1,102.2,101.6,100.5,99.9,100.4,103,102.7,103.8,106.4,102.1,109.1,112.6,114.2,110.8,102.9,104.9,94.4,95.7
DDDA200I,　　　化学製品卸売業,85.4,105.2,105.1,100.1,99.9,103.8,98.7,96.5,96.6,103.4,96.6,98.2,101.7,105,106.7,107.7,102.9,97.2,101.3,105.6,98.5,97,96.3,93.6,98.2,99.6,100.4,101,98.2,97.6,93.2,94.8
DDDA300I,　　　鉱物・金属材料卸売業,79.6,95.4,95.7,92.4,91.4,93.5,89.4,88.7,89.3,96.4,98.4,101.2,103.9,109.2,109.7,109.4,103.8,97.1,97.9,99.5,97.9,96,96.4,92.4,94,95.3,91.9,90.6,85.5,82.4,79.1,77.2
DDE0000I,　　機械器具卸売業,445,110.1,109.8,111.1,111.7,114.4,104.8,105.3,104.1,103.4,99.2,99.1,98.4,97.7,98.3,101.3,102.1,101.5,102.6,101.8,104.9,106.1,106.8,103.9,106.6,107.8,110.3,111,98.2,97.6,78.3,85.5
DDEA100I,　　　産業機械器具卸売業,153.3,111.5,110.1,113.6,112.3,114.4,106,106.8,104.4,109.1,100.3,95.6,94.2,92.1,94.1,96.2,96.3,95.1,95.7,97,101.9,102.4,103.5,100.4,101.1,101.4,98.1,95.6,85.7,86.9,66.9,71.6
DDEA200I,　　　自動車卸売業,63.4,106.1,106.4,107.5,108.4,111.3,101.9,107.2,106.9,103.6,99.4,98.3,98.8,100.4,100.5,100.9,97.9,97.8,101.8,101.5,104.9,104,101.9,101.8,107.6,104.6,104.8,104.5,94.1,91,64.9,77.1
DDEA300I,　　　電気機械器具卸売業,161.8,106.6,109.3,109.9,111.7,115.3,103.3,102.6,101.9,100.4,97.2,100.5,101.9,100.5,102.2,106.6,108.3,109.5,110.2,107.8,109.3,113.2,116.1,112.6,115.5,118.4,125.4,129.8,117.5,114.5,100.3,105.2
DDEA400I,　　　その他の機械器具卸売業,66.5,119.4,116.6,112.4,112.1,115.7,110,107,102.7,99.6,100.9,103.3,96.5,100.7,96.4,99.7,101.6,102,103,98.5,100.8,99.2,98.6,92.8,96.6,99.7,100.3,101.9,86.5,85,63.9,71
DDF0000I,　　その他卸売業（機械器具を除く住関連卸売業）,348.4,106,105,103,104.7,106.8,98.6,100.3,99.3,102.1,100.2,98.8,99.3,100.2,99.6,99.1,99.6,97.6,99.4,100.3,101,102.6,103.2,101,98.7,98.9,100,103,96.5,95.9,90.9,93.7
DDFA100I,　　　家具・建具・じゅう器等卸売業,27.8,122.5,116.1,118,123,126.5,108.4,103.7,99,100.4,102.6,101.8,95.7,98.8,94.3,95.1,93.7,94.4,93.4,90.1,89.6,87.1,86.7,88.2,87.9,85.5,85.1,85.4,76.2,81.7,70.3,71
DDFA200I,　　　医薬品・化粧品等卸売業,131,97.4,96.4,96.2,97.7,100.3,90.2,95.6,96.1,102.1,96.3,99.1,102.3,103.4,101.9,101.5,103.3,105.2,104,105.4,106.3,105.3,108.9,107.7,108.2,112.4,111.6,118.5,112.9,110.9,104.2,107.6
DDFA300I,　　　その他の卸売業,189.6,109.1,108.8,105.8,106.9,108.4,102.3,103.1,101.6,102.7,101.5,98.4,97.6,100.8,97.9,98.3,97.7,93.3,96.3,98.9,98.4,103.2,101.2,98.7,92.8,91.4,92.5,94.5,90,89.4,83,86.9
DE00000I,　金融業，保険業,878.5,97.1,97,96.7,96.5,96.5,95.6,96.7,98.5,99.6,99.7,101.6,99.4,99.7,98.2,97.6,97.5,95.7,97.5,98,99.4,100,100.6,100.8,102.2,101.1,101.1,101,98.9,100.1,98.5,101.7
DEA0000I,　　金融業,512.6,94.2,100.4,96.6,96.9,96.6,95.1,96.5,98.3,98.5,100.3,101.6,100.2,99.9,100.4,101.7,102.1,102.2,104.3,104.7,106.2,107,107,107.8,107.9,107.2,107.5,108.7,108.2,110.5,111.7,113.1
DEAA000I,　　　銀行業・協同組織金融業,401.2,96,96.9,97.1,97.4,98.1,97.2,98.4,98.8,99.4,99.5,100,101,100.8,101.7,102,103.1,103.5,104.7,104.7,105.4,105.5,106.3,106.8,107.1,107.8,108.2,109,109.3,110.3,113.9,115.1
DEAA110I,　　　　金融仲介業務,249.3,96.3,96.9,97.5,98.1,98.7,97.2,97.7,98.7,99.3,99.8,100.3,100.7,101.2,102,102.9,103.8,104.9,105.6,106.4,107.1,107.5,108.4,108.9,109.3,109.5,110.3,110.6,111.1,112,115,118.6
DEAA120I,　　　　金融決済業務,151.9,95.7,96.5,96.4,96.4,97.6,96.8,99.5,98.9,99.8,98.4,99.4,101.9,99.9,100.8,100.7,102.3,101.5,102.9,102,102.6,102.2,102.8,103.3,103.7,105,104.7,106.6,106.5,107.3,111.6,109.1
DEAA121I,　　　　　手形交換高,5.4,112.8,113.3,117,108.8,112.2,108.4,105.1,101.5,104.4,100.4,98.4,96.6,97,93.6,90.9,91.2,88.3,87.1,83.7,87.6,79,80.9,79.9,77.8,76.2,74.9,76.2,68.7,71.1,62.7,63.1
DEAA122I,　　　　　日銀当座預金決済高,14,94.5,99.2,94.7,96.4,96.7,96.8,98.9,102,103.3,100.4,99.9,95.7,99.1,96,98,97.7,98.7,99.7,99.3,100.1,98.9,99.3,100.9,102.4,103,103,105.9,106,108.2,100.9,101.7
DEAA123I,　　　　　全銀システム取扱高,131.9,94.4,95.6,96.4,95.4,96.8,96.4,99.6,97.9,99.1,98.5,99.5,102.6,101.4,102,102,102.8,102.1,103.7,102.8,103.2,103.4,103.7,104.7,104.9,106.3,106.7,109,107.4,111.1,114.7,112.5
DEAA124I,　　　　　外国為替円決済交換高,0.6,97.7,102.7,97.7,97.2,94.5,91.9,94.2,102.6,100.6,101.1,100.4,97.6,101,101.4,102.6,105.9,101.9,103.7,105.7,106.1,104.8,105.1,105.7,107.4,107.5,109.6,108.4,105.8,108,95.8,95.2
DEAB000I,　　　貸金業，クレジットカード業,42.9,90.1,91.2,92.8,94.1,98.4,94,96.4,97.3,98.3,99.4,100.9,101.4,102.5,104.4,105.6,107.9,109.9,112.2,115.2,118.1,120,122.1,124.7,127.5,129,132,137.5,137.4,137.3,114.7,126.3
DEAB100I,　　　　貸金業,3.8,111.9,109.5,107.5,102.5,101.3,100.5,100,99.9,99.7,99.9,100,100.3,100.6,101,101.4,101.8,102.4,102.9,104,105.4,106.4,108,109.7,111.8,113.7,115.5,117.2,118.8,120.3,119.6,116.8
DEAB200I,　　　　クレジットカード業,39.1,88.1,89.5,91.3,93.3,98.2,93.4,96,97.1,98.2,99.4,100.9,101.5,102.7,104.8,105.9,108.5,110.7,113.1,116.2,119.4,121.5,123.5,126,129.1,130.6,133.6,139.4,139.3,138.7,114.3,127.1
DEAB210I,　　　　　販売信用業務,31.7,85.8,86.6,88.5,90.9,96.6,91.7,94.9,96,97.7,99.4,101.1,101.8,103.6,106.1,108,110.9,113.8,116.7,120.4,123.9,126.5,129.1,132.3,135.5,138,141.8,148.8,148.6,149,125.1,142.3
DEAB220I,　　　　　消費者金融業務（クレジットカード業）,7.4,98,102,103.4,103.6,104.1,101.4,101.4,101.2,99.6,100.1,100.8,100.1,99.5,99.5,97.7,97.4,97.2,97.2,98.6,99.3,99.8,99.5,99.6,99.9,99.6,98.7,99.6,97.5,98.2,69.5,62.2
DEAC000I,　　　金融商品取引業，商品先物取引業,68.5,85,129,97.6,95.8,89.1,82,85.6,97.1,92.8,104.4,112.2,94.8,94.2,90.6,95.9,94.6,90,98.6,98.3,106.2,106.6,102.6,101.2,103.6,87.6,85.7,88.1,83,94.9,94.5,93.7
DEAC110I,　　　　発行業務,14.5,109.7,114,110.3,110.4,105.6,105.4,100.7,101.4,101,99.5,96.6,103.1,99,98.6,102.1,96.3,97.9,94.8,93,90.3,88.4,89.6,86.4,89.1,85.4,87.2,86.5,85.8,81.3,87.8,107.9
DEAC120I,　　　　流通業務,54,81.9,119.6,89.3,93.1,85.2,70.4,79.9,100.5,87.6,102.1,116.5,95.7,97.5,87.8,94.9,99.5,82.1,96.1,98.9,112.3,107.1,102.6,104.2,104,89.9,88.6,86.7,81.1,105.1,95.9,92.4
DEB0000I,　　保険業,365.9,100.8,93.1,96.1,95.7,95.5,97.3,96.7,98.6,100.8,99.7,101.6,98,100.3,95.2,92.1,90.4,86.8,87.6,88.8,88.9,90.6,91.5,91.5,93.5,93.4,92.2,89.8,85.9,87.6,80,85.6
DEBA000I,　　　生命保険業,267.7,101.2,93.2,96.1,95.6,94.1,98.5,97.2,97.9,102.3,99.6,100.1,97.3,101.5,94,89.1,86.2,83.7,84.9,86.2,86.2,86.7,89.1,88.6,91.4,90.6,85.3,84.1,80.3,81,70.6,76.9
DEBB000I,　　　損害保険業,98.2,96.8,95.6,96.9,97.3,98.5,96.8,96.2,98.2,98.5,99.2,105.6,97.6,95.3,96.9,97.5,97.9,97,97,96.5,96.2,100.5,100,100.7,100.6,101.1,102.3,106.9,103.2,104.2,102,108.2
DF00000I,　物品賃貸業（自動車賃貸業を含む）,249.1,96.5,96.3,97.1,97.6,99,96.9,97.2,98.5,99.4,99.7,100.3,100.6,101.2,102.3,103.4,103.6,103.9,104.4,104.8,105.3,105.5,106.4,106.7,107,106.4,107.3,108,108.2,107.8,104,103.9
DFA0000I,　　物品賃貸業,205.8,96.6,96.5,97.2,97.6,98.8,97.2,97.3,98.2,99.3,99.8,100.4,100.4,101.3,102.5,103.5,103.6,103.6,104.1,104.5,104.6,104.8,105.5,105.6,105.9,105.3,106.2,107.2,107.6,108.1,105.5,104.6
DFAA000I,　　　リース業,137.7,98.4,97.6,97.2,97.2,97.4,97.8,97.7,98.1,99,99.6,100.3,101.1,102.1,102.7,103.7,104.2,104.4,104.7,104.6,104.5,104.2,104,103.5,103.2,102.5,103.1,103.8,104.2,105.6,104.6,103.9
DFAA100I,　　　　産業用機械リース,51,106.2,104.3,102.6,101.3,100,98.8,98,98,98.9,99.7,100.4,101.2,102.4,102.8,104.4,105,105.4,105.8,106,105.6,105.3,104.8,104.3,104.3,103.8,104.6,104.9,104.5,102.4,100.1,99.2
DFAA110I,　　　　　医療用機械リース,5.7,92.7,92.6,92.6,93.1,94.9,96.4,96.4,97.2,98.6,99.7,100.5,101.3,102.2,104,105.1,105.9,106.3,107,107.4,107.2,106.9,106,105.7,105.5,103.7,103.1,104.5,104.8,103.5,102.1,100.5
DFAA120I,　　　　　工作機械リース,3.5,134.6,129,124,117.9,110.4,99.7,99.4,99.3,99.5,99.1,99.5,101.9,103.1,102.3,102.5,102.9,103.8,104.8,104.9,105.7,106.5,107.8,109.5,110.9,112.3,114.3,116.6,117.2,118,118.3,118.5
DFAA130I,　　　　　商業・サービス業用リース,22.7,101.7,100.2,99,98.5,98,97.8,98.2,99,99.5,99.8,100.3,100.3,100.5,100.7,101.3,101.6,102,102.2,101.9,101.8,101.9,102,101.9,102.3,101.8,101.6,101.5,101.2,100.5,99.2,98.5
DFAA140I,　　　　　産業機械リース,19.1,110.9,108,105.8,104,102.2,100.6,97.8,96.6,98.4,99.4,100.3,102,104.9,105,108,109.2,109.7,110.1,110.2,109.4,109.1,107.2,105.2,105.2,105,106.7,106.7,106.1,102,97.1,95.9
DFAA200I,　　　　事務用機械リース,56,90.2,90.8,91.6,92.5,93.9,95.6,96.3,97.3,98.4,99.6,100.6,101.4,101.7,102.4,102.9,103,102.8,102.6,102.2,101.9,101.5,101.2,100.7,100.6,100,100.6,101.5,102.8,106.7,106.4,106.1
DFAA210I,　　　　　情報関連機器リース,49.7,88.1,88.8,89.9,91,92.6,94.5,95.4,96.6,97.9,99.4,100.8,101.9,102.5,103.5,104.2,104.6,104.5,104.5,104.3,104.1,103.9,103.7,103.4,103.4,102.9,103.6,104.8,106.3,110.8,110.6,110.2
DFAA220I,　　　　　その他の事務用機械リース,6.3,106.7,105.8,104.9,104.6,104.3,104.1,103.8,103.1,102.2,101.2,99.2,97.5,95.8,94.1,92.6,91,89.4,87.9,86.1,84.3,82.6,81,79.5,78.4,77.3,76.6,75.8,75.2,73.9,73.5,73.5
DFAA300I,　　　　その他のリース,30.7,100.1,99.2,98.6,99,99.4,100,99.3,99.8,100.5,99.2,99.8,100.5,102.1,103,104.1,105.2,105.7,106.5,106.9,107.8,106.9,107.7,107.5,106.2,104.7,105,106,106.4,109,108.3,107.5
DFAB000I,　　　レンタル業,68.1,93,94.5,97,98.4,101.4,96,96.6,98.5,100,100.3,100.5,99.3,100.2,101.9,103,102.6,102.2,102.6,104.1,104.7,106.3,108.5,109.8,111,111,112.8,114.1,114.3,113,107.5,106.1
DFAB100I,　　　　土木・建設機械レンタル,36.7,89.2,90.6,93.6,97.7,102.2,95.6,96.2,98.7,100.6,100.1,100.3,99.3,99,99.4,102.3,103.1,102.6,105,106.1,105.8,109.5,113.1,113.5,114.3,117.4,120.5,121.3,120.4,117.6,114,111.2
DFAB200I,　　　　情報関連機器レンタル,2.1,94.7,94.8,94.9,95.7,95.7,93.1,94.1,95.3,97.2,101,101.6,100.3,97.6,99.1,100.1,94.7,97.3,99.9,102,106.6,107.2,109.6,116.2,113.3,117.2,118.5,122.6,126.9,134.3,126.9,132.2
DFAB300I,　　　　音楽・映像ソフトレンタル,2.8,124.2,119.3,116.6,110.2,106.8,104.6,106.8,108.3,101.9,99.6,98.8,99.3,100.7,99.7,93.8,92.1,90.4,88.4,87.3,84.6,80.3,78.3,76.5,71.9,69.6,66.6,61.2,59,60.2,60.5,49.7
DFAB400I,　　　　その他のレンタル,26.5,95.3,97,99.7,98.1,100.7,96.2,96.4,97.2,99.5,100.7,101,98.7,101,105.9,105.3,102.9,103.9,101.5,103.7,104.4,105.1,106,108.2,109.6,106.6,107.4,108.8,110.4,109.1,102.5,102.7
DFB0000I,　　自動車賃貸業,43.3,95.1,95.6,96.3,97.1,99.3,96.3,96.8,99,99.2,99.9,100.3,100.6,101.1,102.1,103.3,103.5,105.3,105.8,106.1,108.4,108.5,111.1,111.6,112.4,111.3,112.5,111.4,111.2,107.8,97.1,101
DFBA000I,　　　自動車リース業,32.5,95.8,96.3,96.1,96.9,99.1,96.4,97.6,99.4,99.9,99.8,99.8,100.5,101.3,102.2,102.7,103.1,104.9,104.4,105.4,106.6,106.6,108.9,109.8,110.3,109,109.3,108.9,107.9,107.2,108,107.3
DFBB000I,　　　自動車レンタル業,10.8,93.8,93.4,96.3,97,100.4,95.7,94.4,97.9,97.9,99.6,101,100.9,100.5,100.8,104.5,105,107.3,108.8,108.2,114.4,115.2,116.8,116.7,119.1,119.2,122.6,118.5,120.2,109.7,62.3,84.2
DFBB100I,　　　　自動車レンタル業（法人向け）,6.7,93.2,93.4,96.5,97.3,101.5,96.4,94.3,98.8,98.1,100.4,99.7,101.4,101.2,102.5,106.3,105.5,106.8,108.5,109.4,115,115.6,118.4,120.4,121.6,118.8,123.1,121.6,124.2,113,77.6,95.1
DFBB200I,　　　　自動車レンタル業（個人向け）,4.1,94.3,94.2,95.6,97.2,97.2,95.2,94.1,96.8,96.6,98.9,102.6,100.4,100.5,99,102.3,104.6,106.8,110.1,106.7,113.8,113.1,115.3,112,115.3,118,121.2,113.9,115.5,104.9,37.3,69.9
DG00000I,　事業者向け関連サービス,881.7,98.9,98.7,99.4,100.9,100.4,98.1,97.6,96.7,98.6,99.9,101.1,100.5,102.7,102.5,103.7,104.8,105.1,106.1,104.5,105.6,106,106.6,106.4,107.1,108.1,108.1,108.5,106.7,106.4,99.8,101.1
DGA0000I,　　学術・開発研究機関,17,96.8,100.3,99.9,101.2,100.4,100.4,100.4,100.3,100.8,100.2,101,98.6,101.1,98,99.3,98,97,98.7,97.8,98.5,97.4,98.5,98.2,99.3,97,98.6,98.2,97.3,101.4,96.9,99.8
DGB0000I,　　専門サービス業,84.2,102.1,102.7,102.1,102.1,100.5,100.9,100.8,99.9,100.6,99.7,101.1,99.7,100.9,100.4,99.4,99,99.6,99.4,99.6,101,101.9,103.4,104.3,104.3,105.4,104.3,104.7,104.6,103.8,100.4,105.4
DGBA000I,　　　法律事務所，特許事務所,26.1,103.7,103.3,103,102.3,100.9,101.1,100.8,100.1,100.5,99.9,99.8,100.4,102,100.8,100.8,99.6,100.1,99.9,100.4,100.4,99.7,100.1,100.1,102.4,102.4,101.1,102.5,102.2,102.5,99.7,108
DGBA100I,　　　　法律事務所,19.1,105.5,103.9,103.7,102.9,101.2,101,100.7,100.4,100.6,99.6,99.3,100.8,101.9,100.7,100.3,99,98.4,98.6,99.6,98.8,98.5,98.6,99,101.4,101,101.4,101.9,101.4,103.8,100.1,109.9
DGBA200I,　　　　特許事務所,7,99.7,100.9,100.9,101.5,100,101.1,101.6,99.7,100.2,100.2,100.9,99.8,102.2,101,102.1,101.2,103.9,103,102.4,105.4,102.3,104.3,104.1,105.5,105.4,105.5,104.5,103.2,100.4,100.2,103.2
DGBB000I,　　　公証人役場，司法書士事務所,6.7,104.2,109.4,109.4,107,105.4,106.5,104.4,100.5,103.6,101.1,100.8,98,99,101.9,98.9,102.2,97.7,97.5,97.6,100.2,101.4,105.7,114.6,101.3,105.7,102.9,105.1,100.6,97.9,88.8,89.2
DGBC000I,　　　公認会計士事務所，税理士事務所,51.4,100.7,101.4,101,101.1,99.7,99.8,100.3,99.7,100.1,99.4,102.1,99.4,100.6,99.9,99,98.4,99.3,99.5,99.8,101.4,103.1,104.8,105.1,105.7,107.1,105.7,105.4,106.5,105.3,102.2,106
DGC0000I,　　広告業,76.9,94.7,97.6,98.5,98.2,100.1,97.1,97.9,97.9,97.7,99.5,101.7,101.3,102.8,102.5,103.1,102.9,103.6,101.7,101.2,102.9,101.1,101.9,100.3,99.8,100.1,99.5,99.9,98.5,99.4,86.1,87
DGCA000I,　　　４媒体広告,29.5,104.9,106.7,105.8,105.1,108.7,103.3,101.7,101.8,101.1,99.7,100.2,99.2,99.1,97.6,98.1,97.5,96.5,96.1,95.4,96.5,94.9,95.5,93.4,91.3,92.9,93.1,92.7,89.1,88.8,86.7,81.8
DGCA100I,　　　　新聞広告,5.4,109.2,113,110.5,108.5,112.5,104.4,106,103.8,101.1,100.7,100.9,97.8,98.4,95.8,98.8,95.1,95.3,94,88.8,95.2,87.9,85,78.8,77.8,79.6,76.5,78.8,73.3,66.6,55.9,57.2
DGCA200I,　　　　雑誌広告,1.7,103,108.4,107.5,101.8,108.3,101,100.4,104.6,99.6,100.8,98.4,100.1,101,94.1,95.9,92.7,87.9,92.5,85.7,81.8,79.1,77.9,76,76.7,74.3,72.8,71.3,67.4,61.9,47.6,45
DGCA300I,　　　　テレビ広告,21.7,103.6,105.3,104.7,104.2,108.3,102.7,100.6,100.7,101.5,99.3,100.3,98.8,99.2,98,98.1,98.6,97.3,97,98,98,98.2,99.3,98.2,96,97.8,97.9,97.5,94.7,97.2,97.2,90.1
DGCA400I,　　　　ラジオ広告,0.7,106.5,106.3,104.1,101.9,104.1,102.1,102.2,101.8,99.4,98.7,99.8,101.9,102.2,104.5,101.4,101.9,100.2,98.8,96.9,96.4,92.9,92,92.6,89.9,89.7,89.2,87.4,83.5,84.7,70.8,74.1
DGCB000I,　　　その他の広告,47.4,89,92.1,92.6,94.7,94.8,93.5,94.8,96.3,95.6,99.6,102.2,102.6,103.8,105.9,106,106.6,108.3,105.4,104.3,107.2,105.1,106,104.6,104.9,104.8,103.8,104.2,104.6,104.3,85.8,90.5
DGCB100I,　　　　交通広告,3.6,100.4,100.9,99.6,97.6,102.3,99.7,97.1,98.8,98.6,99,102.8,99,97.3,99.7,98.9,99.2,98.2,97.6,98.5,98,100.9,98.4,99.5,101.9,100.1,99.1,100.5,101.3,103.8,69.7,62.2
DGCB200I,　　　　屋外広告,1.2,105.8,132.7,113.8,104.2,98.9,100.1,101.6,109.4,98.8,101.8,98.9,98.6,99.5,103.8,106,99.4,97.7,92.6,94.5,102.3,97,96.4,89.3,92.5,89.7,88.3,85.7,97.8,81,67.5,62.8
DGCB300I,　　　　折込み・ダイレクトメール,9.9,105.5,105.4,106,104.3,108.5,100.5,101.8,100.6,100.5,99.9,100.1,99.8,98.7,98.2,99.2,97.6,96.9,93.9,91.1,91.9,90.1,87.8,87.4,86.5,84.9,84.4,83.7,76.4,70.1,39.7,59.7
DGCB400I,　　　　インターネット広告,13.7,74.7,74.6,78,82.2,85.6,86.5,87.4,91.8,92.1,98,104.9,104.6,113.8,115.5,120.2,119.1,124,121,123.7,125.4,122.2,128.1,123.9,126.5,126.6,125.9,127.3,127.8,132.5,119.4,127.5
DGCB500I,　　　　他に分類されない広告,19,87.7,93.2,94.2,96.5,92.8,92.6,96.7,94.2,95.8,100,101.4,103.6,104.3,103.5,100.7,102.8,105.7,101.8,100.5,102.6,102.4,101,102.2,99,100.3,99.7,101.5,102.5,104.8,90.7,88.6
DGD0000I,　　技術サービス業,188,103.9,106.1,110.4,112.1,107.7,105.2,103.6,101.1,99.9,100.1,99.9,99.8,100.4,101.6,102.1,102.8,103.5,103.4,102.8,102,102.4,103,103.5,102.9,107.1,108.3,108.4,105.5,107.2,105.9,106.2
DGDA000I,　　　土木・建築サービス業,98,110,114.1,119.4,122.9,117.5,111.4,107.5,103.6,101.1,100.4,99.5,98.8,95.9,99.7,102.1,102,101.5,102.7,101.5,99.4,97.6,100.4,100,98,103.5,109.6,106.7,103.8,105.6,108.1,106.1
DGDA100I,　　　　建設コンサルタント,75.8,109.4,113.6,120.3,125,119,112.3,108.6,104.6,101.5,100.4,99.2,98.7,94.4,100.5,104.2,104.8,103.7,105.1,104.3,102.5,101.1,104.6,102.8,99.5,105.8,113.3,110.6,108.1,111.2,114.5,111.3
DGDA200I,　　　　測量,13.8,110.3,110.2,110.5,110,110,108.5,102.1,97.7,95.8,98.2,102.6,103.2,100.5,94.8,90.6,87.5,89.2,88.8,84,81.9,80.9,82.7,91.2,95.9,96,93.8,89,85.3,84.6,82,81.3
DGDA300I,　　　　地質調査,8.4,115.4,123.4,124.4,124.6,117.1,106.9,106,104.6,104.6,103,99.5,93.6,92.4,98.7,101.6,100.5,102.3,103.6,103,99.3,95.1,91.3,90.2,89.6,93,101,98.3,95.4,90.9,94.1,95.6
DGDB100I,　　　機械設計業,30.1,94,93,98.7,100.4,94.9,96.2,97.7,98.4,97.3,100.4,100.8,101.9,106.9,105.8,101,105,106.1,105.3,105.9,107.4,110.5,109.5,114,115.5,119.3,115.6,117.8,111.2,114.5,104.3,108.3
DGDB200I,　　　エンジニアリング業,50.9,102.1,101.6,101.6,101.4,101.1,101.6,101.1,100,99.3,99.7,100.2,100.9,101.5,103.1,102.8,102.9,103.5,102.7,102.9,103.1,103.3,103.3,104.1,104.8,104.4,104.1,105.3,106.2,106,104.8,105
DGDB300I,　　　環境計量証明業,9,84.6,88.8,89.3,92.1,91.1,87.7,89.1,92.2,97.2,98.9,100.9,104.4,104.6,99.5,103.7,106.1,106,108.4,110.2,109.4,106.8,109.1,108.4,110.6,104.4,103.9,114.1,100.6,103.1,98.4,100.9
DGDC000I,　　複合サービス事業,11.6,102.1,104,100.5,102.7,103.5,101,99.2,100.6,103.5,102.4,99.7,94.5,95.1,97.1,99.1,97.9,96.2,95.7,98.1,97.8,105,101.5,95.8,97.9,99.9,95.5,95.5,100.1,97.2,92.4,90.2
DGDD000I,　　廃棄物処理業,97.7,91.2,92.4,94.9,99.6,96.6,94,94.1,93.8,97.4,101.5,102.5,98.4,99.7,100.6,105.6,112,112.5,112.7,112.2,115,115.8,117.1,116.3,119.3,117.4,119.1,122.3,124.3,123,118.5,120.1
DGDE000I,　　自動車整備業（事業用車両）,52.9,97.1,98.7,94.1,94.3,97.2,98.7,98.5,96.3,96.9,98.4,101.4,103.2,105.7,100.2,102.9,106.1,104.9,108,104.5,104.2,101.9,103.5,104.3,108.6,109.5,108.5,108.5,103.9,97.4,90.8,97.8
DGDF000I,　　機械修理業,67.6,89.4,87.9,87.8,87.2,90.4,84.3,85.1,82.6,99.8,99.6,99.4,101.1,102.2,101,103.2,103.8,103.9,119.8,113.7,112.7,110.2,111.8,110.2,113.1,111.8,110.9,110.4,97.5,109.2,99.2,102.9
DGDG000I,　　職業紹介・労働者派遣業,217.6,99.7,97.2,96.8,98.9,98.6,95.9,95.2,95,97.1,99,102.5,101.2,105.7,106,107.6,108,107.7,108.2,105.1,107.8,108.1,109.4,108.7,109.5,108.6,107.9,108,106.9,104.8,93.1,90.2
DGDH000I,　　警備業,68.2,96.5,97.3,98.4,98.3,100.1,98.6,98.2,99.1,98.9,99,100.5,101.7,103.4,103.3,104.1,103.3,103.2,103.6,103.7,104.2,105.7,105.3,105.3,106,105.5,104.9,105.4,105.1,104.7,100.7,101.4
DH00000I,　小売業,1182.6,101.7,103.1,102,102.8,106.8,96.6,99,100.3,99.7,99.5,100.4,100.4,100.3,99.3,99.9,100.1,100.4,101.3,101.3,101.4,100.3,101.7,101.7,102.8,101.8,101.9,104.9,97.1,99.4,92,98.5
DHA0000I,　　各種商品小売業,86.9,106,108,104.9,104.7,111.7,98.1,101,101.2,100.9,100.1,100.1,98.9,98.1,95.6,95.1,94,94.3,94.1,94.2,93.5,92.1,93.2,91.4,91.3,90.1,89.4,93.7,83.5,80.1,62.3,77.4
DHB0000I,　　織物・衣服・身の回り品小売業,121.3,101,103.2,99.6,98.7,102.8,98.5,100.5,97.8,98.1,99.4,103.2,98.9,100,97.8,98.1,97.8,97.8,102.5,101,101.5,99,99.5,100.1,102.5,99.5,100.2,99.4,96.6,88.8,67.8,77.5
DHC0000I,　　飲食料品小売業,364.7,102.1,103,101.9,101.8,103,98,99.2,100.8,100,99.5,99.9,100.6,100.3,99.6,99.7,98.9,99.3,99.1,99,99.2,98.3,99.3,99,99.6,99.9,99.8,99.1,98.4,101.1,102.6,101.8
DHD0000I,　　自動車小売業,149.1,92,103.2,100.6,105.3,106,94.6,98.1,99.3,99.7,100.4,100.1,99.1,100,101.3,101.5,103.1,104.9,108.3,107.9,107.6,101.5,104.1,107.6,111.8,107.5,104.9,114.5,97.4,105,76.9,95.1
DHE0000I,　　機械器具小売業,75.1,109.5,110.1,109,111.7,123.9,93.5,98.4,103.7,103.3,100.2,99.5,97.6,98.6,99,101.9,102.1,102,102.9,105.6,108.1,108.9,109.2,108.7,109.7,109.1,108.8,121,93.8,105.1,106.7,109.5
DHF0000I,　　燃料小売業,77.1,106.8,106.6,102.5,103,105.9,96.6,96,97.7,98.5,100.4,101.1,100.7,102.1,102.4,104.9,103.4,100.5,100.5,101.2,103.2,102.5,103.6,101.5,101.2,102.2,102.5,102.8,96.8,96.4,90.1,99.8
DHG0000I,　　その他の小売業（別掲を除く住関連）,308.4,101.1,101.7,100.6,101.2,107.2,96.8,98.7,99.8,98.8,99.2,100.6,101.5,100.4,99.2,99.6,100.9,101.7,102.1,102.2,101.3,102.4,104.3,104.2,104.1,103.5,104.5,108.8,100.5,102.6,100.9,106.1
DHGA100I,　　　医薬品・化粧品小売業,120.9,97.1,97.7,97.9,98.4,103.3,95,97.8,99.4,98.7,99.4,99.9,102.3,102,100.3,101.6,103.3,105.8,106.2,107.2,106.2,109.1,110.5,110.3,111.3,112,114.8,120,113.4,115.3,113.8,116.4
DHGA200I,　　　その他小売業,187.5,104.2,104.2,102.3,102.8,110.1,97.8,99.3,99.9,99.2,98.9,101,100.8,100.2,98.5,98.4,99.3,99.4,99.5,98.8,98.2,98.2,100.4,100.3,99.5,98.2,97.5,101.1,93.2,94.9,92.3,98.8
DHH0000I,　　＜特掲＞無店舗小売業（通信販売小売業）,55.4,110.7,111.8,108.4,111.5,118.2,100.5,100.6,106.9,102.7,101.1,100.8,95.9,99.4,97.5,98.1,95.2,97.6,95.9,96.7,95.6,96,97.1,96.4,94.8,95.6,96.9,102.5,93.1,94,95.7,104.6
DI00000I,　不動産業,809.2,99.5,99.9,100.5,99.2,98.9,98.1,98.8,99,99.8,100.2,100,100.1,100.8,101,101.1,101.1,101.3,101.3,101.7,101.5,101.4,101.4,101.9,102.6,102.9,101.8,102.4,101.2,102.1,98,103.2
DIA0000I,　　不動産取引業,149.7,101.4,104,106.8,98.4,96.8,92.5,95.3,95.6,98.1,101.7,100.9,99.8,101.8,103,102.8,103.1,103.5,103.8,104.8,103.8,103.4,103.1,103.9,107.2,108.8,103.1,106.5,100.8,101.5,80.6,112.9
DIAA000I,　　　建物売買業，土地売買業,63.6,108,113.2,120.3,98.4,94.1,95,96.8,96.1,101.2,103.6,99.9,96.7,101.6,102,102,101.5,103.3,104,105.4,103.1,104.6,103.1,103.6,108.5,110.4,102.7,106.3,100.1,101.5,81.4,114
DIAA200I,　　　　新築戸建住宅売買業,15.1,96.4,93.1,96.1,89.6,82.2,85.3,95.4,96.2,98.9,103.3,97.7,100.5,105.3,108,106.5,111.2,110.7,107.8,108.2,109.2,105.8,106.9,108.3,115.1,124.4,122.9,130,118,132.1,121.9,154.7
DIAA210I,　　　　　新築戸建住宅売買（首都圏）,7.1,113.9,108.5,113.1,104.2,90,96.7,101.2,100.7,101.7,99.7,96.5,102.5,110.8,110.1,109.1,111.8,118.7,114.4,110.8,113.1,108.3,111.6,110.1,114.7,124.5,127.3,126.8,116.6,128.1,120.3,157.6
DIAA220I,　　　　　新築戸建住宅売買（中部圏）,4.8,71.5,77.8,71.5,62.8,72,76,86,82.4,92.7,114.6,94.7,99,97.8,104.4,99.6,104.8,99,94.2,95.9,95.8,99.4,95.4,98.4,111.2,127.4,122.7,139.9,132.7,139.8,130.3,150.7
DIAA230I,　　　　　新築戸建住宅売買（近畿圏）,3.2,99.6,89.6,91.5,88.6,81.4,80.3,92.4,99.4,103.6,99.4,100.7,94.5,106.1,113.3,109.2,113.9,112.1,117.4,119.5,115.2,112.6,116.1,118.6,115.3,115.4,116.1,119.9,102.2,123.8,116.1,150.4
DIAA300I,　　　　マンション分譲業,24,131.5,142.8,164.5,119.8,108.3,107,103.7,104.4,110,106.6,97.2,91.1,88.5,89.4,92.4,95.3,92.7,97.9,99.6,97.4,101,91.5,92.3,102.1,95.1,80.1,87.4,83.2,67.7,39.5,80.5
DIAA310I,　　　　　マンション分譲（首都圏）,14.1,128.5,149.2,161.9,131.4,120.3,110.5,98.6,106,109.7,103.2,99.1,94.8,79.3,86.8,88.3,91.1,85.8,91.4,88.4,93.6,99.6,84.5,82.3,83.8,98.4,75.9,73.8,72.4,67.1,34.9,77.6
DIAA320I,　　　　　マンション分譲（近畿圏）,9.9,132.5,128.9,164.5,112.4,92.8,98,108.2,105.6,109.4,107.6,92.2,90.1,101.8,91,96.9,99.9,103.3,105.4,115.4,101.6,106.7,100.2,105.4,127.2,97,89.2,106,93.9,73.8,47.9,83.4
DIAA400I,　　　　土地売買業,24.5,93.1,92.5,90.7,88.4,87.5,86.1,88.2,93.4,92.8,98.5,101.5,106.7,110,107.4,107,106.6,107.4,105.7,108.5,109.7,106.8,109.4,110.7,116.4,114.9,107.5,111,108.9,112.8,91.5,122.2
DIB0000I,　　　不動産代理業・仲介業,86.1,96.5,99.3,96.2,97.7,99,91.4,93.4,94.3,97,100.7,101,101.8,103,103.7,103.7,103.8,104.1,103.8,103.9,104.4,102.3,103.4,104.3,106.2,107.1,103.4,107.1,101.9,102.1,80.1,111.7
DIBA100I,　　　　戸建住宅売買仲介,24.3,92.2,95.5,95,95.9,97.9,88.8,92.2,93.8,97,100.2,101.2,102,105.9,104.2,104.5,103.6,103.7,104.3,103.3,104.6,100.7,102.4,103.4,104.8,105.3,104.2,110.4,100.9,107,89.1,116.9
DIBA200I,　　　　マンション売買仲介,35.9,100.9,103.9,98.5,103.5,105.1,93.1,94.4,94.1,99.4,101.7,99.7,99.9,100.7,102.1,103.3,105.6,104.3,104.2,103.7,103.4,102.8,103.1,104.7,106.1,108.7,105.4,109.9,103.4,102.3,72.3,112
DIBA300I,　　　　土地売買仲介,18.2,93.2,92.7,90.5,88.3,89.4,87.1,89.2,92.6,92,98.9,102.2,106.6,108.7,108.4,107.5,106.7,108.1,107,109.5,110,109.2,110.8,110.5,116.4,117.8,107.7,109.5,110.4,110.4,88.3,116.5
DIBB000I,　　　　住居賃貸仲介,7.7,101.1,102.9,101.1,99.5,97.8,101.1,102.1,99.7,98.5,100.7,100.7,100.3,95.4,96.1,91.2,91.2,93.9,91.5,95.2,93.8,90.7,88.5,87.9,89.5,84.9,79.4,77.8,71.9,76.8,66.4,79.3
DIC0000I,　　不動産賃貸業,659.5,99.1,99.1,99.1,99.2,99.3,99.5,99.7,99.8,99.9,99.9,100,100.2,100.3,100.6,100.6,100.7,100.8,100.8,100.9,100.9,101,101.1,101.3,101.5,101.6,101.5,101.4,101.5,101.8,101.8,101.3
DICA100I,　　　貸事務所業,258.1,95.4,95.6,96,96.5,97.2,97.6,98.4,98.9,99.5,99.7,100,100.8,101.3,102.2,102.5,102.8,103.2,103.7,104.1,104.4,104.8,105.2,106.2,107,107.4,107.5,107.8,108.1,109.2,109.5,108.7
DICA200I,　　　住宅賃貸業,383.3,101.6,101.4,101.2,101,100.8,100.7,100.5,100.4,100.2,100.1,99.9,99.8,99.6,99.5,99.3,99.2,99,98.9,98.7,98.6,98.4,98.2,98.1,97.9,97.7,97.4,97.2,97,96.8,96.6,96.4
DICA300I,　　　駐車場業,18.1,98.6,98.7,98.9,99.1,99.3,99.4,99.6,99.8,99.9,99.9,100,100.1,100.2,100.3,100.4,100.5,100.7,100.8,100.9,101,101.1,101.1,101.2,101.3,101.3,101.4,99.9,101.5,101.5,101.6,101.4
DJ00000I,　医療，福祉,1238.9,95.3,96.4,96.5,96.4,96.8,97.7,98.6,98.4,98.7,100.5,100.3,100.7,102,101.1,102.1,101.9,103.5,104.2,104.7,104.4,105.5,105.5,105.8,107,107.2,107.2,108.5,108.5,106.1,98.3,105.3
DJA0000I,　　医療業,892.6,95.8,96,96.9,96.6,96.9,97.3,98.6,98.2,99.6,99.4,100.2,101.3,102.6,101.3,102.4,102.4,103.4,103.8,104.6,104.7,105.8,105.7,106,107.9,107.9,108.6,110.1,110.5,107.2,98.8,107.1
DJAA000I,　　　病院・一般診療所,790.9,95.8,96.4,96.5,96.6,96.8,97.6,98.3,98.4,99,99.9,100.3,101.5,102.8,101.6,102.2,102.5,103,103.7,104.2,104.9,105.5,105.5,106.4,107.2,108.1,109.4,110.1,110.3,107.3,99.1,107.1
DJAB000I,　　　歯科診療所,101.7,95.3,95.5,95.6,95.5,96.4,98.5,99,98.7,99.6,99.9,99.9,101.5,101.4,102.1,102.8,102.3,103.3,103.4,105.5,105.5,103.1,105.4,106.4,108.3,108.7,109.9,110.7,110.9,110.4,96.4,112.6
DJB0000I,　　保健衛生,30.9,101.6,104.8,103.5,100.2,100.7,105.8,108.6,104.3,98.3,97,101.1,101.9,109.2,98.6,106.1,106.9,113.8,117.9,119.6,113.6,112.9,111.7,113.8,116.3,118.1,105.5,104.3,98.1,107.9,66.8,95.2
DJC0000I,　　社会福祉・介護事業,315.4,94.3,94.7,94.6,95.7,96.8,96.8,98,98.5,97.1,102.8,100.5,99.6,100.3,100,101.4,101.4,102.6,103.3,103.3,104.3,104,103.4,104.2,104.3,105.1,104.8,104.4,103.7,104,100.1,101.8
DK00000I,　生活娯楽関連サービス,1115.5,101.5,101.3,101.8,101.2,101.3,100.5,100.5,100.3,100.4,100.1,99.7,99.1,98.8,98.2,97.9,97.5,98.2,98.6,97.9,97,97.4,97.6,96.9,97.5,100.4,99.5,98.5,96.7,89,55.4,72.6
DKA0000I,　　宿泊業,90.3,89.8,91.5,94,93.7,93,93.4,93.7,96.2,98.6,99.8,100.9,100.8,99.6,97.1,98.3,97.8,98.4,98.7,97.2,97.4,98.4,100,98.8,101.3,105.4,108.5,103.5,104.1,88.5,25.5,52.7
DKAA000I,　　　旅館,25.4,100.1,101.2,101.2,98.3,98.5,97.4,98,98.2,99.1,99.3,101.3,100.3,101,97.8,97.1,96.4,93.9,94.5,93.4,91.9,93,93.5,88.8,91.4,89.9,90.5,85.7,82.5,69.8,15.1,47.1
DKAB000I,　　　ホテル,64.9,85.8,88.1,91,91.9,90.7,92,92,95.2,98.4,100,100.8,100.9,99.1,96.9,98.7,98.4,100.1,100.4,98.7,99.4,100.5,102.6,102.7,105.1,111.2,115.3,110.8,112.5,95.6,29.5,54.9
DKB0000I,　　飲食店，飲食サービス業,408.2,100.2,100.4,100.5,100.9,99.9,100.9,100,99.7,100.1,100.1,99.7,99.6,99,98.4,98.6,99,99.8,100,100.2,100,100,99.8,99.6,99.8,100,100.1,100,98.8,89.7,52.8,74.7
DKBA100I,　　　食堂，レストラン，専門店,221,94.2,94.3,95.2,96,95.9,97.8,97.5,98.5,99.3,99.9,100.3,100.4,99.3,99.1,99.3,100.8,100.8,101,101.4,102,102.6,101.3,102,101.8,102.2,102,101.4,99.2,93.1,53.6,77
DKBA200I,　　　パブレストラン，居酒屋,75.6,114.3,114.7,112.1,109.9,107.3,110,106.4,103.5,101.8,102.8,100.6,96.8,94.7,91.3,92.5,91.1,92.1,92.1,90.7,89,88.6,88.2,87.2,89.1,88.2,86.1,85,84.1,72.8,16.5,39.1
DKBA300I,　　　喫茶店,27.9,96.7,97.6,97.6,97.8,96.2,98.3,98.2,98.7,99.8,99.5,99.5,100.8,99.6,99.3,101.1,101.9,102.7,102.6,103.3,104.2,103.7,103.8,101.9,104.9,104,104.5,106.2,104.5,92.7,42.3,72.7
DKBA400I,　　　ファーストフード店,21.7,109.4,110.6,109.8,107.3,107.9,109.7,103.7,103.4,96.8,99.7,101,102,101.2,103.1,105.2,107.4,108.3,110,110.3,111,113,112,112.4,112.5,113.8,115.3,116.8,115.5,114.5,101,111.9
DKBB000I,　　　飲食サービス業,62,101.6,103.2,103.7,104,103.5,100.4,100.3,99.5,101.1,99.9,97.1,101.9,101.9,100.9,99.4,100.3,100.6,100.3,100.6,100.1,99.7,99.3,99.2,99,99.4,100.9,103.6,107.4,92.2,77.5,91.5
DKC0000I,　　洗濯・理容・美容・浴場業,131.8,99.9,100.7,102.1,103.2,101.9,101,98.7,101.2,101,99.6,100.3,98.2,98.6,100.1,98.2,97,95.2,96.3,96.3,95.6,96,95.2,94.2,94.5,98.8,98.1,99,94.7,89.3,66,77
DKCA000I,　　　洗濯業,43.8,98.7,97.8,101.4,104.8,105.4,97.4,98.4,100.2,101.2,99.1,101.4,98.7,97.4,98.2,100.2,99.1,95.2,98,96.3,94.9,99.4,95.1,95.2,96.1,101.1,100.3,99.3,95.9,83.9,47.8,55.2
DKCA100I,　　　　普通洗濯業,16.4,108.5,105.3,107,116.9,125.7,104.3,104.9,106,107.8,99.3,99.2,94.6,97.9,100.2,103,100.9,88.5,96.3,90.3,88.5,99,88,83.5,85,91.8,89.5,89.3,83.4,77.4,67.6,61.8
DKCA200I,　　　　リネンサプライ業,27.4,93.1,94.7,96.4,96.9,95.5,93.6,93.9,96.1,98.4,100.2,101,100.5,99.2,97,98.1,98,98.8,99.7,98.2,98.6,99.3,101,99.5,102.2,106.2,109,104.3,102.8,88.2,27.6,53
DKCB100I,　　　理容業,14.6,104.3,101.5,104.9,105.5,98.9,98.5,98.6,101.9,101.7,101.9,97.8,97.5,98.9,99.9,99,96.9,95,96.6,97.8,93.3,96.9,95.9,95.5,100.3,103.5,104.6,101.8,95.4,96.1,88.7,91.2
DKCB200I,　　　美容業,50.5,105.2,105.2,106,102.8,103.5,101.4,99.5,103.2,102.8,99.6,99.4,98.3,99,101.6,97.5,96.1,96,94.1,95,93.1,92.3,96.2,94,91.2,94.2,91.2,94,89.9,87.5,74.1,87.2
DKCC100I,　　　浴場業,8.2,86.2,90.3,99.3,101.2,99.3,101.6,89.8,87.3,96.6,95.6,106.6,100.8,87,93.3,84.9,80.8,88.1,87.2,90.5,93,90.1,80.1,77.8,77.6,72.7,83.1,92.1,82.1,66,37.7,51.9
DKCD000I,　　　その他の洗濯・理容・美容・浴場業,14.7,94.9,93.7,92.8,97.2,98.3,103.7,96.1,101.1,100,102.1,104.2,93.6,101.1,103.9,102.1,101.1,100,106.4,107.1,106.9,107.3,101.1,103.9,107,114.5,117.9,118.2,113.5,112.6,94.6,105.3
DKD0000I,　　その他の生活関連サービス業,99.9,108.2,107.1,106.9,108.3,107.8,103.6,102.6,104.6,99.1,99.5,101.4,100,97.4,96.9,98.2,97.3,99.7,99.1,97.4,97.8,98.3,98.6,95.9,97.9,97.7,99.6,97,96.2,79.9,37.9,52.6
DKDA000I,　　　旅行業,42,102.8,101.5,102.2,102.2,101.2,98.9,99.1,99.3,97.2,100,102,100.7,99.9,94.5,97.1,96.2,98.1,98,98.4,98.2,97.9,99.4,93.3,97.1,94.6,99.9,92.7,92.8,66.4,5.4,20.6
DKDA100I,　　　　国内旅行,28.2,96.5,97.7,99.6,100,99,96.1,96.2,96.5,96.4,99.7,102.6,101,102.3,95.3,99.2,97.5,97.7,97.8,98.8,96.3,96,98.1,91.1,95.9,95,97.9,91,89.3,68.9,7.2,29.8
DKDA200I,　　　　海外旅行,12.1,124.9,118.2,115.6,112.6,112.3,110.5,110.2,108.9,101.5,101.7,100,97.6,91.2,89.9,90.2,89.6,93.9,95,94.3,96.3,95.5,95,92.2,90.8,87.5,92.3,87.8,89.9,54.6,1.3,1.4
DKDA300I,　　　　外人旅行,1.7,49.9,51.7,51.5,56.3,60.2,68,66.1,70.9,82.5,96.2,110.1,110.8,111.8,114,118.4,117.4,135.7,122.6,130.9,139.2,146.8,147.8,149.1,153.6,155.4,160,168.4,169.6,111.3,1.9,7.4
DKDB000I,　　　冠婚葬祭業,50.7,112.8,111.3,111.8,111.4,111.9,104.8,104.3,109.7,100,100,102.4,99.4,98.3,98.9,101.1,97.5,99.3,97.5,97.5,97.8,99.6,97.6,98.9,97.5,98.7,100.4,102.1,99.8,92.6,63.5,78.4
DKDB100I,　　　　葬儀業,31.7,102.9,100.5,102.1,100.8,101.6,100.5,99.9,101.7,102.2,99.6,100,98.9,97.3,99.6,101.3,101.6,104.2,103.1,102.4,103.4,107.1,103.3,105.4,104.3,104,107.1,107.3,106,99.2,103.2,106.1
DKDB200I,　　　　結婚式場業,19,127.6,129.1,126.6,127.4,131.2,111.9,109.9,121,95.1,100.6,108.4,99,99.3,97.9,101.6,91.6,92.3,89.1,88.2,88.7,87.5,88.5,86.8,87.6,85.7,89.6,98,86.9,80.7,5.8,28.4
DKDC000I,　　　写真業,7.2,106.8,104.4,93.2,120.4,107.7,117.2,116.5,99.5,97.1,96.3,101.6,102,101.6,98.8,97.6,101,101.5,112.5,98.9,87.7,86.7,96.1,99.8,90.1,125.9,108.8,89.1,88.6,104,38.8,100.5
DKE0000I,　　娯楽業,234.3,102.6,101.7,103.6,101.4,102,100.9,101.1,99.6,100.7,100.5,99.5,99.3,96.8,95.5,95,94.8,94.7,96.2,95.2,92.9,93.1,94.2,92.9,95.7,96.9,96.7,95.2,93.9,85.9,48,70.1
DKEA000I,　　　映画館,2.4,106.4,84.4,106.2,102.2,102.9,115,98.2,92,97.5,97.2,105.5,99.3,92,101.1,108.9,123.8,114.1,108.4,97.8,99.8,91.6,94,90.9,98.9,111.5,113,117,106.7,81.9,7.9,45.4
DKEB000I,　　　劇場・興行団,20.8,88.2,82.9,86.3,89.3,87.1,86.1,95.2,102,100,100.5,98.5,101.9,100.1,100.3,103.3,101.1,99.1,104.5,103.8,102.2,105.2,104.1,102.8,106.6,112.4,113,112,114.1,99.1,27.1,19.4
DKEB100I,　　　　音楽・芸術等興行,11.9,82.4,80.2,81.2,84.7,80.5,80.9,94.9,97.4,98.3,98.3,98.3,102.7,97.2,94.7,102,103.6,100.2,100.5,100.8,98.8,108.3,104.5,99.9,99.3,109.4,112.2,114.4,113.2,108.6,61.4,16.9
DKEB200I,　　　　プロスポーツ興行,8.9,90.7,87.8,92.6,98.5,91.8,91,99,116.3,95.3,102.4,98.7,96,109.3,104.8,105.7,87.9,109,107.6,105.4,107.8,109.4,103.4,105.9,117.6,115.9,111.1,110.1,122.9,82,0,22.8
DKEB210I,　　　　　相撲,0.6,106.3,62.1,105.8,33.2,115.8,72.1,126.8,40,134.7,82.1,140,43.2,139.5,83.2,140,47.4,140.5,84.2,142.6,52.1,142.1,85.3,143.7,50,142.1,85.3,147.9,50.5,85.3,0,25.3
DKEB220I,　　　　　ボクシング,0.5,99.6,113.9,118.8,82.6,89.7,105,93.3,152.6,81.3,96.3,93,107.4,88.4,88.5,109.9,90.7,112.4,113,96.1,89.2,101.7,80,91.9,87.7,87.8,75,79.3,109.4,43.4,0,13.7
DKEB230I,　　　　　プロ野球,4.6,8.9,155.5,176.9,23.8,8.9,162.9,187.4,20.4,12.7,177.6,190.5,19.2,16.4,188.2,194.1,10.1,3.6,192.6,196.6,18.3,6.9,195.4,191.7,26.1,10,205.7,210.8,10.9,0,0,37.7
DKEB240I,　　　　　サッカー,2.2,48.9,108.8,141.9,92.9,52.7,119.2,131.6,89.8,42.7,162.8,126.1,68.3,49.6,155.1,142,59.4,52.1,148.9,147.5,79.7,66.1,122.4,154.3,91.3,70.8,164.8,136.6,95.8,17.4,0,44.4
DKEB250I,　　　　　ゴルフ,0.4,16.9,164.6,83.2,130.4,17.5,157.6,100.5,142.9,17,136.6,104,142.5,19.6,135.9,98.4,143.6,23.4,149.7,107.8,104.3,21.6,162.6,99.7,115.5,19.4,132.3,128.3,158.6,0,0,0
DKEB260I,　　　　　バレーボール，バスケットボール,0.6,162.5,50.4,0,116.2,181.9,54.1,0,129.7,176.3,53.4,0,170.2,168.8,52.8,20.6,216.7,193.6,106.4,11.8,216.2,191.4,135.7,0,245.6,239,88,0,284.8,151,0,0
DKEC000I,　　　競輪・競馬等の競走場，競技団,31,93.8,93.6,93.5,92.6,94.7,95.7,96.8,97.5,98,98.4,100,102.1,101.6,103.3,104.8,105.9,105.3,108.3,110.3,109.5,110.7,111.7,112.1,113.6,118,119.3,120.5,119.5,114.9,116,144
DKEC100I,　　　　競輪場,7.4,99.2,97.7,96.7,97.8,97.1,98.1,100.6,98.8,98.2,100.5,100.6,101.2,101.4,97.5,104.1,102.2,103.7,99.3,104.4,103.3,103.6,103.4,103.3,106.8,106.6,108,109.5,108.1,96.9,71.6,130.4
DKEC200I,　　　　競馬場,20.1,92.5,92.7,92.5,91.5,93.8,94.9,94.5,98.4,96.6,98.3,100.7,104.3,101.9,104.5,103.6,107.4,104.7,109.3,110.9,109.7,112.2,111.8,113,114,118.1,118.8,120.1,118.4,118.5,124.8,135.1
DKEC300I,　　　　オートレース場,0.2,106.1,105,105,98.5,100.2,98.3,108,95.8,96.4,98.8,101.9,103.1,101.2,97,95.5,99.9,96.5,98.3,97.6,97.2,98.4,102.1,102.9,107.3,107.6,109.9,113.7,116.2,100,109.7,145.7
DKEC400I,　　　　競艇場,3.3,90.4,91.1,91.6,92,91.8,94.4,96.3,96.3,98.6,98.8,100.5,102.4,100.7,104.8,105.4,108.9,110.7,114.4,120.2,121,123.1,124.8,127.4,136.6,141.6,146.8,152.8,153.3,143.6,165,221.4
DKED000I,　　　スポーツ施設提供業,56.4,103.3,101.8,100.8,99.5,97.5,99.7,100,98.3,100,100.2,99.2,101,99.8,98.7,98.9,98.1,99.5,100.6,100.7,97.4,98.9,99.7,91.9,98.4,101.8,98.9,98,98.3,94.6,55.8,87.6
DKED100I,　　　　ゴルフ場,28.4,102,99.3,97.9,96.6,92.7,100.1,99.6,96.4,99.8,100.6,98.8,101.1,101,96.7,97.2,95.7,97.7,99.1,98.1,93,95,97,84.8,94.5,104.6,96.5,93.8,94.6,105.1,68.1,92.1
DKED200I,　　　　ゴルフ練習場,6.8,104.2,104.2,102.1,101.5,97.3,101.8,103.3,97.8,99.6,100.1,99.3,101,101.4,99.3,98.9,99.1,99.5,100.8,102.8,97.6,99,99.1,91.3,98.1,101.4,98.5,97.9,98.7,107.7,83.3,107
DKED300I,　　　　ボウリング場,4.3,119.7,121.8,119.4,117.2,116.1,107.5,105.7,107.4,103.9,97.3,99.1,98.6,98.4,96.5,94.4,93,92.2,93.2,95.1,95.6,94.5,91.8,91.1,90.5,90.1,89.9,86.6,83.6,78.2,21,54.6
DKED400I,　　　　フィットネスクラブ,16.9,99.9,100.4,100.6,98.6,97.4,96.1,97.2,98.6,99.9,99.5,99.8,101.3,101.5,102.6,103.4,103,103.7,104.7,106,105.9,104.4,106.8,105.9,107.4,107.1,107.1,107.2,106.5,89.5,27.6,78.7
DKEE000I,　　　遊園地・テーマパーク,24.5,88.5,93.2,95.9,93.3,93.7,93.7,97.7,97.4,103.5,98,100,100,100.9,97.1,98.3,98.6,100,101.5,100.9,95.1,99.5,102.7,98.1,103.5,102.8,103.9,99.6,98.7,66.7,6.9,38.8
DKEF000I,　　　パチンコホール,99.2,111.6,110.3,114.5,111.1,110.8,108.5,106.5,102.5,101.8,100.5,99.4,97.2,90.7,88.6,86.7,86.8,86.8,85.6,84.4,83.1,81.2,80.8,84.5,84.3,83.7,82.4,80.5,78.3,74,35.6,63
DKF0000I,　　学習支援業,94.6,99.3,98.4,98.6,99,98.6,97.4,97.9,98.5,98.9,99.8,100.4,100.8,101.3,101.4,101.7,101.9,102.2,102.6,102.9,103.5,103.7,103.5,103.8,103.6,103.6,103.6,103.5,102.8,101.4,95,95.5
DKFA000I,　　　学習塾,77.5,100.2,99.1,99.1,99.3,99,97.5,97.8,98.3,98.8,99.9,100.4,100.8,101,101.2,101.4,101.6,101.9,102.3,102.4,102.9,103,102.5,102.5,102.1,102,102.2,101.8,101,99.3,92.6,93.6
DKFB000I,　　　外国語会話教室,17.1,95.6,95.7,96.1,96.8,96.9,97.6,98.3,98.8,99.5,100,100,100.5,101.6,102.4,102.8,103.4,103.9,104.3,105.3,106.4,107.1,108.3,109.6,110.4,110.7,110.1,111,111.3,109.7,105.7,104.4
DKG0000I,　　ペット・クリニック,10,102.1,105.8,101.4,83.9,84.5,89.2,111.9,130.5,103.6,98.9,103.1,96.6,123.2,108.9,101.3,92.5,108.2,123.9,108,117.8,119.4,115.5,116.2,119.8,140.2,124.4,118.8,151.2,116.6,127.3,131.6
DKH0000I,　　自動車整備業（家庭用車両）,46.4,120,117,116.7,108.1,114.2,102.1,109,108.8,107.3,102.2,94.5,96.1,97.5,95.9,97.8,97.4,92.1,88.5,86,79.3,78.6,80.1,80.3,81.5,85.1,86.5,90.3,74.4,80.2,81.4,86.1
J000000I,第３次産業総合（直接調整法）,10000,99.7,100.1,100.4,100.5,101.8,98.2,98.9,99.4,100,99.9,100.3,100,100.7,100.1,100.7,100.8,100.8,101.5,101.7,101.9,102.4,102.7,102.5,103.4,103.4,103.7,104.8,101,100.2,89.9,95.9
JF00000I,　電気・ガス・熱供給・水道業,378.3,102.8,104.2,104.8,104.5,103.7,103.3,101,103.1,100.7,101.6,99.7,98.5,101.3,99.2,100.4,100.3,100,100.3,99.9,102.4,101.1,100.7,103.1,100.1,99.1,100.3,100.2,98.9,96.6,95.5,97.6
JG00000I,　情報通信業,946.9,97.7,98.7,100.4,99.4,101.7,97.8,99.2,100.1,100.3,99.4,99.8,100.3,100.9,101.3,101.5,102.2,102.2,102.4,103,102.9,103.4,105,104.7,105.9,105.5,106.1,106.8,104,105,101.7,101.1
JH00000I,　運輸業，郵便業,968.8,97.9,98.8,99.6,100.4,102.1,99.2,99.4,99.6,99.9,100.3,100.2,99.7,100.1,99.8,100.4,101.1,101.9,102.7,102.7,103.3,103.2,104.1,103.5,104.1,104.3,104.1,105.1,102.3,99.9,82.8,89.5
JI00000I,　卸売業，小売業,2533.1,103.4,104.7,103.3,104,106.9,98.8,100,99.7,100.4,99.7,100,99.8,100.2,99.8,100.5,100,99.4,100.9,101.1,101.6,101.2,102.5,101.2,102.4,101.8,102.1,104.5,96.9,97.4,88.5,93.6
JJ00000I,　金融業，保険業,878.5,97.1,97,96.7,96.5,96.5,95.6,96.7,98.5,99.6,99.7,101.6,99.4,99.7,98.2,97.6,97.5,95.7,97.5,98,99.4,100,100.6,100.8,102.2,101.1,101.1,101,98.9,100.1,98.5,101.7
JK00000I,　不動産業，物品賃貸業,1058.3,98.7,99.1,99.7,98.8,98.9,97.8,98.5,98.8,99.6,100.1,100,100.2,100.9,101.3,101.7,101.7,101.9,102,102.3,102.4,102.4,102.5,103,103.7,103.7,103.1,103.7,102.9,103.5,99.4,103.3
JL00000I,　学術研究，専門・技術サービス業,376.1,101.1,103.6,105.4,106.1,103.5,101.8,101.8,100.8,99.9,99.6,100.5,99.8,101.4,101.4,101.5,101.5,102.5,102.7,102,102.4,101.9,103.3,103.5,103.1,104.8,105.7,105.9,104.7,103.9,101.3,102.7
JM00000I,　宿泊業，飲食サービス業,498.5,98.5,98.6,99.3,99.3,98.8,99.6,98.8,99,99.8,100.4,100.3,99.9,99,98.2,98.6,98.8,99.5,99.8,99.5,99.2,100,99.5,99.4,99.8,101,101.7,100.7,99.4,89.8,47.9,70.3
JN00000I,　生活関連サービス業，娯楽業,466,103.1,102.3,104,103.6,103.6,100.8,100.4,101,100.9,99.8,100.2,99.1,97.2,96.9,96.5,96.1,96.3,97,96.4,94.6,95.6,95.5,94.1,95.9,97.7,97.8,96.9,93.6,85.3,51.4,68.4
JO00000I,　学習支援業,94.6,99.3,98.4,98.6,99,98.6,97.4,97.9,98.5,98.9,99.8,100.4,100.8,101.3,101.4,101.7,101.9,102.2,102.6,102.9,103.5,103.7,103.5,103.8,103.6,103.6,103.6,103.5,102.8,101.4,95,95.5
JP00000I,　医療，福祉,1238.9,95.3,96.4,96.5,96.4,96.8,97.7,98.6,98.4,98.7,100.5,100.3,100.7,102,101.1,102.1,101.9,103.5,104.2,104.7,104.4,105.5,105.5,105.8,107,107.2,107.2,108.5,108.5,106.1,98.3,105.3
JQ00000I,　複合サービス事業,11.6,102.1,104,100.5,102.7,103.5,101,99.2,100.6,103.5,102.4,99.7,94.5,95.1,97.1,99.1,97.9,96.2,95.7,98.1,97.8,105,101.5,95.8,97.9,99.9,95.5,95.5,100.1,97.2,92.4,90.2
JR00000I,　その他サービス業（公務等を除く）,550.4,98.9,96.8,96.5,97.4,99.5,95,95.2,95.1,99,99.7,101.1,100.6,103.8,102.7,105.1,106.8,106,107.7,105.4,106.3,106.7,107.2,106.9,108.5,108.6,108.2,109.1,106,106.4,97.6,99.1
SBA0000I,　サービス業,1392.5,100.8,100.8,101.4,101.9,101.4,99.1,99.1,98.5,99.6,100,100.5,99.9,101,100.5,101.3,101.8,101.7,102.9,101.4,101.5,101.4,102.3,101.7,102.8,104,104.1,104.1,101.3,99.1,82.8,89.7
SBA1000I,　　対個人サービス業,495,105.2,104.3,105.5,103.9,104.7,101.2,101.9,102.4,101.5,100,99.8,98.6,97.4,97,96.8,95.9,95.9,96.8,95.8,93.3,94,94.4,93.2,94.5,96.6,96.7,96.6,92.4,85,57.2,72.3
SBA2000I,　　対事業所サービス業,897.5,98.4,98.4,99.4,100.4,100.3,97.6,97.2,96.3,98.8,99.8,101.3,100.5,102.9,102.4,103.9,104.7,105,106.2,104.8,105.4,106,106.6,106.5,107.1,108.2,108.5,108.7,106,106.5,97.4,99.6
SBB0000I,　広義対個人サービス,4887.5,99.6,99.8,100,99.8,101.2,98.1,99,99.6,99.9,100.1,100.2,99.9,100.3,99.6,99.7,99.8,100.1,100.7,100.9,100.8,101.2,101.5,101.5,102.6,102.6,102.6,103.6,100.4,98.5,85.8,94.1
SBB1000I,　　広義非選択的個人向けサービス,2611.7,98.6,98.2,98.6,98.3,99,98.1,98.8,99.4,99.6,100.3,100.2,100.2,101.3,100.1,100.2,99.9,99.6,100.1,100.6,101,101.5,101.8,101.9,102.7,102.8,103.1,102.8,101.7,101.2,96.7,100.8
SBB2000I,　　広義し好的個人向けサービス,2275.8,100.9,101.3,101.6,101.6,103.7,97.8,99.3,99.9,100.1,99.9,100.4,99.8,99.4,99,99.2,100,100.5,101.2,101.2,100.6,100.8,101.1,101.1,102.4,102.5,102.6,104.5,98.9,95.9,73.5,86.8
SBC0000I,　広義対事業所サービス,5112.5,100,100.5,100.5,101.2,102.6,98.3,98.8,99.1,100.3,99.7,100.3,100,101.1,100.5,101.6,101.7,101.6,102.3,102.5,103,103.5,103.9,103.5,104,104.3,104.7,105.8,101.5,101.8,93.9,97.4
SBCB100I,　　製造業依存型事業所向けサービス,1409.3,102.6,103.2,103.1,103.1,105.3,100.6,99.7,99.5,101.3,100,99.7,99.3,101.4,99.8,101.6,101.6,100.8,102.5,102.3,102.8,103.4,103.5,102.3,103.1,104.1,104.5,105,98,99,90.1,93.6
SBCB200I,　　非製造業依存型事業所向けサービス,3703.2,98.9,99.6,99.7,100.4,101.4,97.5,98.5,98.9,99.8,99.6,100.6,100.2,101.1,100.8,101.6,101.7,101.8,102.2,102.5,103.1,103.6,104.1,104,104.4,104.4,105,105.9,102.8,103,95.5,98.7
SBE2000I,　投資向けサービス,965.4,103.4,103.2,105.3,105.4,106.3,100.6,100.8,99.8,101.7,99.1,99.6,99.3,99.7,99.2,101.5,102.1,101.9,103.1,102.6,103.2,103.2,104.3,103.1,104.2,105.8,107.9,108.4,100.5,102.3,93.9,96.2
SBRA000I,　観光関連産業,557.3,95.9,96.6,97.7,97.6,99.1,96.9,97.8,98.1,99.2,99.6,100.6,100.3,100,99.6,100.4,100.3,101.3,101.6,101.4,101.8,101.8,102.8,102,103.2,103.9,106.4,104.9,103.1,91.3,50.2,66.3
SKEL000I,　第３次産業総合（除く卸売業、小売業）,7466.9,98.3,98.7,99.4,99.4,100,98.1,98.6,99.3,99.8,100.1,100.4,100,100.8,100.2,100.7,101.1,101.1,101.9,101.9,102.2,102.6,102.9,103,103.8,104,104.3,104.7,102.4,101.2,90.5,96.4
