項目：第３次産業活動指数【年・年度・四半期】業種別原指数（2015＝100.0）,,,,,,,,,,,,,,,,,,,,,,,,,,,,,,,,,,,,,,,,,,,,,,,,,
,,,,,,,,,,,,,,,,,,,,,,,,,,,,,,,,,,,,,,,,,,,,,,,,,
品目番号,品目名称,ウエイト,2013CY,2014CY,2015CY,2016CY,2017CY,2018CY,2019CY,,2013FY,2014FY,2015FY,2016FY,2017FY,2018FY,2019FY,,2013Q1,2013Q2,2013Q3,2013Q4,2014Q1,2014Q2,2014Q3,2014Q4,2015Q1,2015Q2,2015Q3,2015Q4,2016Q1,2016Q2,2016Q3,2016Q4,2017Q1,2017Q2,2017Q3,2017Q4,2018Q1,2018Q2,2018Q3,2018Q4,2019Q1,2019Q2,2019Q3,2019Q4,2020Q1,2020Q2,2020Q3
K1D000000I,第３次産業総合,10000,100.2,99.6,100,100.6,101.5,102.8,103.1,,100.8,99.2,100.3,100.5,101.9,103,102.3,,99.6,98.1,100.8,102.3,101.8,96.2,99.3,101.1,100.2,97.7,100.4,101.7,101.3,97.9,100.8,102.4,101.1,99.4,101.8,103.8,102.5,100.6,102.6,105.4,103.4,101.3,104.6,102.9,100.5,88.1,95.6
DA00000I,　電気・ガス・熱供給・水道業,378.3,104,102.6,100,100.6,100.6,101.2,99.5,,104.3,102,100.6,99.9,100.9,100.6,99.1,,108.6,96.3,108,103,109.9,95.2,103.7,101.8,107.1,93.4,102.2,97.3,109.5,91,102.7,99,106.9,91.7,102.4,101.3,108.2,91.9,105.9,98.8,105.6,91.7,103,97.7,103.9,87.4,100.5
DAA0000I,　　電気業,244.5,105.7,103.5,100,99.6,98.7,99.8,97.6,,106.1,102.7,100.7,98.2,99.2,99,96.9,,110.5,96.2,111.8,104.2,112.1,94.3,105.4,102.2,108.6,92.1,103.2,96.1,111.4,87.8,102.8,96.4,105.6,87.7,102.5,99.1,107.3,89,106.8,96,104,88.2,103.3,94.7,101.3,83.8,100.9
DAB0000I,　　ガス業,47.8,100.1,101.9,100,106.1,110,109,107.9,,100.5,101.2,100.7,108.6,110.3,108.3,107.4,,118.4,89.7,91.9,100.5,119.9,91.5,93.7,102.7,116.9,89.2,94.8,99,119.6,93.3,101.5,110.2,129.3,97.8,99.5,113.4,130.4,92.6,103.2,109.6,127.6,96.4,100.2,107.6,125.3,88,92.7
DAC0000I,　　熱供給業,2.8,106.2,101.5,100,102.5,103.6,107.1,106.7,,106.7,100.7,99.4,103.1,104.1,106.3,105.5,,101.8,85.3,155.6,82,104,84.6,138.6,78.8,100.8,86.1,138.8,74.4,98.4,84,147,80.7,100.9,84,147.5,82.1,103,86.4,158.9,80.2,99.8,85.3,157.7,83.9,95.2,72.6,145.1
DAD0000I,　　水道業,83.2,101.1,100.5,100,100.1,100.5,100.7,100.2,,101.1,100.4,100.3,100,100.6,100.6,100.6,,97.7,100.7,104.4,101.6,97.7,100.2,103,101,97.3,100,102.1,100.7,98.4,99.4,101.6,100.8,98,100.2,102.5,101.3,98.4,100.2,102.8,101.5,97.8,99.6,101.8,101.5,99.5,98.1,102.4
DB00000I,　情報通信業,946.9,99,99.9,100,101.4,102.6,104.6,105.6,,100.2,99.6,100.1,101.8,102.8,105.1,105.5,,107,91.5,99.5,97.9,111.9,90.7,98.2,98.7,110.7,92.2,98.2,98.9,111.2,94.1,99.7,100.8,112.6,95.3,100.9,101.5,113.6,97.9,102.5,104.4,115.6,99,105.4,102.3,115.2,95.1,99.7
DBA0000I,　　通信業,323.2,97.7,100,100,103,105.4,111.9,112.4,,99.6,99.7,100.4,103.7,107.1,112.4,112.1,,97.4,95.6,97.5,100.4,105,93.3,97.7,104.1,103.7,96.7,97,102.6,105.2,99.4,101.2,106.2,108.1,101.7,102.9,108.9,115.1,109.3,109.1,113.9,117.3,109.9,110,112.4,116.1,106.8,108.2
DBB0000I,　　放送業,72.8,98.8,100.7,100,101.1,99.9,101.3,99.7,,100.9,99.7,100.4,100.9,100.3,101.6,98,,96.6,95.8,99.6,103.3,105.1,98.7,98.8,100.4,100.9,97.3,100.1,101.8,102.5,98.9,101.1,101.9,101.8,97.2,98.6,101.9,103.3,98.8,100.4,102.6,104.7,99.1,98.3,96.8,97.9,83.3,87.2
DBC0000I,　　情報サービス業,405.2,98.9,99.2,100,101,102.4,102.9,105.7,,99.8,99.1,100,101.3,101.9,103.6,106.4,,117.6,84.8,99.9,93.3,121.1,84.5,97.4,93.8,120.8,86.3,98,94.9,120.7,88.3,98.3,96.5,122.2,89.7,101,96.7,120.2,90.3,100.2,100.7,123.3,93,106.9,99.4,126.1,93.6,100.1
DBCA000I,　　　ソフトウェア業,243.8,98.3,98.4,100,99.6,101.8,102.3,105.6,,99.2,98.8,99.5,99.9,101.2,103.5,106.2,,119.6,79.4,101.2,93,123,79.6,98,93.1,124.4,81.9,98.6,95.1,122.5,82.1,97.7,96.2,123.6,85.6,102.1,95.9,121.2,85.9,100,102,126.1,89.4,107.7,99.4,128.2,92.9,102.7
DBCA100I,　　　　受注ソフトウェア,196.3,97.9,97.8,100,98.4,97.4,96.1,100,,98.5,98.5,99.2,98,96.3,97.7,99.3,,120.4,80.3,100.5,90.4,122.7,80.1,98.3,90.2,125.4,82.5,99.4,92.7,122.3,82.1,97.9,91.3,120.6,82.7,97.5,88.9,116.1,81.5,96,91,122.3,84.8,101.6,91.4,119.3,79.7,92.9
DBCA200I,　　　　ソフトウェアプロダクト,47.5,99.9,101,100,104.8,119.9,127.6,128.6,,101.9,99.9,100.9,108,121.5,127.4,134.6,,116.2,75.7,104.1,103.5,124.4,77.4,97,105.2,120.1,79.4,95.6,105,123.6,81.9,97.2,116.5,136.1,97.5,121.1,124.9,142.4,104,116.7,147.2,141.5,107.9,132.8,132.3,165.2,147.4,143.4
DBCA210I,　　　　　ゲームソフト,15.4,95.5,95.5,100,111.8,151,171.9,175.5,,97.2,94.5,102.5,123.2,156.2,170.5,188.2,,100,56.8,103.1,121.9,106.8,61.6,90.3,123.4,102.7,66.6,90.1,140.6,112.6,69.6,96.1,168.8,158.1,110.9,161.8,173.1,179.2,118.7,152,237.5,173.7,122.4,191.4,214.4,224.7,204.7,225.8
DBCA220I,　　　　　ソフトウェアプロダクト（除くゲームソフト）,32.1,102,103.6,100,101.5,105,106.3,106.2,,104.2,102.5,100.1,100.7,104.8,106.7,108.8,,123.9,84.7,104.6,94.7,132.8,85,100.2,96.5,128.4,85.5,98.2,87.8,128.9,87.9,97.8,91.4,125.6,91.1,101.6,101.9,124.7,96.9,99.8,103.9,126.1,101,104.7,92.9,136.7,119.9,103.8
DBCB000I,　　　情報処理・提供サービス業,161.4,99.8,100.4,100,103,103.3,103.8,105.8,,100.7,99.7,100.6,103.5,102.9,103.8,106.7,,114.5,93,97.9,93.9,118.2,91.9,96.6,94.9,115.6,92.9,97,94.5,117.9,97.7,99.2,97,120.2,95.8,99.2,98,118.7,96.8,100.5,98.9,119.1,98.6,105.8,99.5,122.8,94.8,96.3
DBCB100I,　　　　システム等管理運営受託,32.9,95,97.2,100,104,108.4,111.6,112.5,,96,97.7,101,104.5,110.2,111.7,112.9,,99.6,90.6,96.2,93.6,103.4,91.6,98.6,95.1,105.5,96.8,100.5,97.2,109.3,99.3,105,102.3,111.5,104.2,109.5,108.4,118.7,106.3,111.3,110.1,119.1,109.1,114.7,107.2,120.7,106.4,109.8
DBCB200I,　　　　その他の情報処理・提供サービス業,128.5,101,101.2,100,102.7,102,101.7,104,,101.9,100.3,100.5,103.3,101.1,101.8,105.1,,118.3,93.6,98.3,93.9,121.9,92,96.1,94.8,118.1,92,96.1,93.8,120.1,97.3,97.7,95.7,122.4,93.6,96.6,95.3,118.8,94.4,97.7,96.1,119.1,95.8,103.5,97.6,123.3,91.9,92.8
DBD0000I,　　インターネット附随サービス業,32.8,82.4,89.9,100,104.7,109.5,110.5,110,,84.4,92.1,101.1,105.9,109.8,110.6,110.4,,82.7,81.8,79,86.2,90.5,87.1,89.6,92.3,99.4,99.6,98.2,102.8,103.9,102.9,104.4,107.7,108.7,107.1,110,112.4,109.8,110.1,109.8,112.3,110.4,108,110.7,110.9,112.2,111.3,117.5
DBDA100I,　　　サイト運営業務,19,83.9,92.7,100,105.9,111.7,114.3,114,,86.3,94.1,101.2,107.9,112.2,114.6,114.5,,83.8,82.6,80,89,93.7,90.9,92.3,94.1,99,98.3,99.4,103.3,103.9,102.7,105.7,111.3,111.7,107.7,110.8,116.6,113.4,113.7,113.3,116.8,114.7,109.6,114.5,117.4,116.5,111.3,119.5
DBDA200I,　　　コンテンツ配信業務,11.9,78.1,83.8,100,103.4,106.4,104,99.8,,79.1,88,101.2,103.2,106.5,103.2,100.2,,79,78.4,75.6,79.4,83.1,79.2,83.8,89.2,99.8,101.7,96,102.4,104.6,103.7,102.6,102.5,103.9,106.8,108.6,106.4,104.3,104.8,103.5,103.2,101.3,100.7,99.2,98,102.7,108.6,111.6
DBDA300I,　　　その他のインターネット附随サービス業,1.9,95.3,99.4,100,101.7,107.3,113.3,133,,97.5,98.5,100,103.5,107.6,117.1,134.3,,95,94.1,90.8,101.4,103.7,99.6,99.9,94.2,100.3,98.7,100.7,100.3,100.2,99.4,103.4,103.7,107.6,102.7,110.3,108.5,108.8,107.8,112.8,123.7,123.9,136.7,144.6,126.8,129.1,128.4,134.2
DBE0000I,　　映像・音声・文字情報制作業,112.9,107.8,104,100,98,94.8,90.5,88.4,,107.6,102.6,99.5,97.3,93.4,89.9,86.9,,109.9,104.4,109.4,107.4,109,101.4,104,101.3,103.7,95.2,101.2,99.9,101.6,94.4,97.6,98.3,99,92.5,94,93.7,93.5,88.3,91.1,89,91.3,87.1,89.9,85.1,85.4,69.6,76.4
DBEB000I,　　　映像情報制作・配給業,44.6,106.1,103.9,100,99.6,97.7,95,97.3,,106.2,102.3,99.8,99.4,96.6,95.6,95.5,,105.5,99.2,111.9,107.7,106,101.4,108.1,100,99.6,93.3,105.6,101.6,98.9,94.5,101.8,103.1,98.1,96.2,99.6,96.7,94,92.4,99.8,93.8,96.4,95.2,103.7,94,89.1,67.5,77.2
DBEB100I,　　　　ビデオ制作・配給業,8.6,121,107.3,100,95.6,87.3,82.9,72.8,,118.8,105.7,100.6,90.5,87.5,80.4,71.6,,117.4,115.8,119.2,131.8,108.4,88.9,118.8,113,101.9,82.9,96.7,118.5,104.4,86.8,85.5,105.5,84.1,87,84.8,93.2,85.1,74.9,90.4,81.4,74.9,68.9,66.9,80.6,70.1,57.8,59.4
DBEB200I,　　　　映画制作・配給業,10.1,97.4,102.7,100,105.6,107.1,98,118.3,,97.4,101.3,99.5,110.7,102,102.9,111,,95.4,79.1,124.1,91.1,95.1,116.4,116.9,82.6,89.2,95.8,125.4,89.7,87.1,101.4,123.1,110.6,107.7,111.9,114.6,94,87.6,98.9,108.4,97.3,107,116.8,146.3,103,77.9,6.8,54.1
DBEB300I,　　　　テレビ番組制作・配給業,25.9,104.5,103.2,100,98.6,97.4,97.8,97.3,,105.5,101.5,99.7,97.9,97.6,97.8,97.4,,105.4,101.5,104.7,106.2,109.4,99.6,101.1,102.6,102.9,95.8,100.9,100.5,101.6,94.4,99,99.4,99,93.1,98.8,99,99.4,95.6,99.6,96.6,99.4,95.5,99.4,94.9,99.7,94.3,92.1
DBEC000I,　　　音声情報制作業,6.9,111,102.2,100,97.7,95.7,85.5,83.5,,112.7,101.2,98,97.3,91.8,84.5,82.8,,105.6,113.1,110.6,114.6,112.3,97.3,93,106.3,108.1,92.4,93.6,106,100,92.8,91.5,106.6,98.1,83.6,85.7,115.3,82.7,86.1,85.5,87.8,78.4,93.9,81.7,79.9,75.8,43.5,77.9
DBEC100I,　　　　レコード制作業,6,111.9,102.2,100,97,95.3,84.6,82.9,,113.9,101.2,97.6,96.6,91.2,83.5,82.4,,105.5,115.1,111.4,115.7,113.5,97.6,91.5,106.1,109.5,92.4,92.5,105.7,99.7,92,89.9,106.4,97.9,82.2,83.9,117.3,81.3,86.1,84.3,86.7,76.9,95.4,80.6,78.8,74.6,40,78.2
DBEC200I,　　　　ラジオ番組制作業,0.9,104.6,102.6,100,102.6,98,91.8,87.4,,104.1,101.4,100.7,102,96.2,90.9,86.1,,106.1,99.5,105.8,107.1,103.8,95.6,103.6,107.3,99,92.4,100.8,107.7,101.9,97.9,102.5,107.9,99.6,92.5,97.9,102.1,92.4,86.1,93.6,95.2,88.8,84.1,89,87.5,83.7,66.7,75.6
DBED100I,　　　新聞業,32.5,107.9,103.7,100,97.5,94.4,89.7,84.8,,107.3,102.4,99.4,96.9,93.3,88.6,83.6,,108.8,108.2,107.4,107.1,106.2,104.2,102.8,101.7,100.7,100.1,99.9,99.3,98.5,97.7,97.1,96.7,96,94.9,93.9,92.8,91.4,90.2,89.2,88.1,86.8,85.2,84.1,83.2,82,79.5,77.7
DBED200I,　　　出版業,28.9,109.5,104.8,100,96.1,90.6,85.4,79.6,,108.7,103.9,99.3,94.6,89,83.9,78.2,,119.3,105.8,107.4,105.5,116.1,99.4,101.8,101.7,112.5,93.4,97.7,96.4,109.7,90.7,93.2,90.6,103.9,86.1,87.6,84.8,97.7,80.3,81.1,82.6,91.7,75,77,74.8,85.7,67.9,73.4
DBED210I,　　　　週刊誌,1.5,123.2,114.3,100,89.2,81.7,74.6,68,,120.6,111.1,96.8,87.5,79.6,72.8,66.7,,126.9,125.3,118.8,121.7,116.7,114.1,110.1,116.5,103.7,99.7,96.2,100.4,91,89.2,88.5,87.9,84.5,82.5,79.7,80.1,76.1,75.3,72.2,75,68.7,68.4,68.1,66.6,63.7,59.1,58.1
DBED220I,　　　　月刊誌,7.1,110.1,106.4,100,92.2,84.3,74.7,68.3,,109.8,105.9,97.6,90.7,81.8,72.9,67.2,,105.5,111.2,110,113.8,104.3,105.9,104.8,110.5,102.2,100.3,97.3,100.1,92.7,92.8,88.8,94.5,86.5,86.3,81,83.3,76.4,74.8,71.8,75.7,69.1,67.5,66.2,70.6,64.4,64.4,62.7
DBED230I,　　　　書籍,20.3,108.3,103.5,100,97.9,93.4,90,84.5,,107.5,102.6,100.1,96.5,92.3,88.6,82.8,,123.5,102.6,105.7,101.4,120.2,96,100.2,97.5,116.8,90.5,97.9,94.8,117,90.1,95.1,89.5,111.4,86.3,90.4,85.7,106.7,82.6,85.1,85.5,101.3,78.1,81.5,76.9,94.8,69.8,78.2
DC00000I,　運輸業，郵便業,968.8,99.1,99.9,100,100.5,102.7,103.9,103.7,,100.3,99.4,100.1,100.8,103.1,104,102.7,,96,97,98.7,104.7,100.6,97.2,98.1,103.5,98.7,98.5,99.1,103.7,99.1,98.2,99.3,105.3,100.4,101.5,101.7,107.2,102,102.9,102,108.6,102.4,102.6,103.8,106,98.6,81.8,88.2
DCA0000I,　　運輸業,928.1,99.1,99.9,100,100.5,102.8,104.1,104,,100.3,99.4,100.1,100.9,103.2,104.3,103,,96.5,97.3,99.4,103.3,101.1,97.5,98.7,102.2,99.1,98.8,99.7,102.4,99.5,98.5,99.9,104.2,100.9,102,102.4,106.1,102.5,103.4,102.7,107.9,103,103.2,104.5,105.3,99.1,81.7,88.6
DCAA000I,　　　鉄道業,184.2,96.8,98.5,100,101.5,102.7,103.6,105.1,,98.2,97.9,100.5,101.6,103,103.9,103.5,,92.7,99,98,97.4,98.2,98.9,98.4,98.7,95.5,102.1,101.7,100.6,97.5,103.3,102.5,102.6,98.1,104.5,104.2,103.9,99.3,105.4,104.2,105.4,100.3,106.5,108.4,105.1,93.9,63.9,77.9
DCAA100I,　　　　鉄道旅客運送業,181.4,96.7,98.5,100,101.5,102.7,103.7,105.2,,98.1,97.9,100.5,101.6,103,104,103.6,,92.6,99.1,98,97.3,98,99,98.4,98.6,95.4,102.3,101.8,100.6,97.4,103.4,102.6,102.5,98,104.6,104.2,103.8,99.1,105.6,104.6,105.4,100.3,106.7,108.6,105.2,93.8,63.7,77.7
DCAA110I,　　　　　鉄道旅客運送業（ＪＲ）,114.1,97.3,98.9,100,101.3,102.2,102.9,104.1,,98.7,98.1,100.5,101.4,102.4,103.1,102.6,,92.9,99.5,99.1,97.8,98.5,99,99.1,99.1,95.2,102.1,102.2,100.5,97,103,102.7,102.5,97.2,103.7,104.1,103.6,98.1,104.4,104.1,105,99.1,105.3,107.2,104.7,93.1,63.8,77.5
DCAA120I,　　　　　鉄道旅客運送業（ＪＲを除く）,67.3,95.8,97.8,100,101.8,103.6,105.1,107.2,,97.1,97.5,100.6,102.1,104,105.5,105.3,,92,98.5,96.3,96.3,97.2,98.9,97.3,97.8,95.7,102.6,101.2,100.5,98.1,104.2,102.4,102.4,99.3,106.2,104.4,104.3,100.9,107.7,105.5,106.3,102.5,109.2,111,106.1,95,63.6,78.2
DCAA200I,　　　　鉄道貨物運送業,2.8,99.2,100,100,100.3,102.9,96.1,97.5,,101,98.7,100.2,100.8,103.1,95.2,96.2,,101.3,91.1,94.7,109.6,108.5,91,96,104.7,103.2,92.2,96.9,107.7,104,92.6,96,108.3,106,95.7,99.1,110.7,106.7,94.7,77.8,105.3,102.9,92.1,96.1,98.6,98.1,78.7,83.3
DCAB000I,　　　道路旅客運送業,96.7,99.6,99.6,100,99.3,101.5,102.1,100.4,,100.2,99.2,99.9,99.6,101.8,101.2,98.2,,96.4,99.2,100.7,102.1,98.6,98.6,100.3,100.9,97.1,98.9,103.1,100.9,96.5,98.9,101.5,100.3,97.7,101,103.4,103.9,98.8,101.5,105.1,103,95.4,100.1,105.1,101.1,86.6,54.7,72.7
DCAB100I,　　　　バス業,42.7,96.7,98,100,101.8,103.2,105.7,106.6,,97.4,98,100.4,102.2,104,105.8,105,,93.9,97.9,97.8,97.3,96.4,98.6,99.6,97.6,96.1,100.4,103.8,99.8,97.8,102.9,104.7,101.8,99.4,104,105.3,104.3,102.4,105.7,108.9,105.8,102.8,106.7,111.4,105.6,96.4,66.3,85
DCAB200I,　　　　タクシー業,54,101.9,100.9,100,97.3,100.2,99.3,95.5,,102.4,100.2,99.4,97.6,100,97.6,92.8,,98.4,100.3,103,105.9,100.4,98.6,100.9,103.5,97.8,97.8,102.6,101.8,95.5,95.7,99,99.1,96.5,98.6,101.9,103.6,96,98.2,102,100.8,89.5,94.8,100.1,97.6,78.9,45.6,63
DCAC000I,　　　道路貨物運送業,391.7,100,101,100,100.1,103.6,105.1,103.7,,101.5,100.3,99.9,100.6,104.2,105.1,103.5,,99.2,96.3,97.6,107.1,104.9,96.8,96.7,105.5,102.1,97.4,96.2,104.3,101.8,95.8,96.3,106.4,103.9,101.6,99.7,109,106.3,103.6,100.1,110.4,106.5,101.7,100.8,105.8,105.5,98.4,96.9
DCAC100I,　　　　一般貨物自動車運送業,345.1,100.5,101.4,100,99.2,102.1,103.7,102,,101.9,100.6,99.7,99.5,102.7,103.6,101.6,,101,96.7,97.7,106.5,106.8,97.3,96.6,104.8,103.8,97.7,95.6,102.9,102.7,95.3,95.1,103.7,103.8,100.3,97.7,106.4,106.4,102.5,98.1,107.6,106.4,100.4,98.5,102.8,104.8,94.4,92.7
DCAC200I,　　　　宅配貨物運送業,46.6,96.9,98,100,106.4,114.6,115.6,116.2,,98.2,97.6,101.4,108.8,114.7,116.1,117.1,,85.7,93.2,97.2,111.7,90.9,92.8,97.3,111,89.3,95.3,100.9,114.5,94.8,100.1,104.9,125.8,104.4,110.9,114.7,128.3,105,111.4,114.7,131.1,107.3,111.6,118,128,110.8,127.4,128.3
DCAD000I,　　　水運業,32.9,102.1,100.2,100,100.4,99.6,99.8,98.9,,102.4,100,99.9,100.1,99.4,99.9,97.6,,100.7,99.5,104.9,103.3,101.7,98.2,100.8,100,101,98.6,100.7,99.7,100.7,97.6,101.1,102,99.8,99,99.7,100,98.8,97.3,99.5,103.6,99.4,97.4,99.9,99.1,93.9,81.3,85.8
DCAD100I,　　　　水運旅客運送業,1.5,96.9,92.9,100,100.7,103.6,101.2,107.5,,97.4,92.5,101.9,101.3,102.6,102.7,101.1,,78,89.7,135.6,84.4,79.9,86.3,123.8,81.7,78.2,95.8,137.3,88.8,85.5,94.6,132.9,89.8,87.9,99.6,135.2,91.7,83.9,94.5,132.8,93.6,90,109.5,136.2,94.3,64.4,29.2,57.9
DCAD200I,　　　　水運貨物運送業,31.4,102.3,100.5,100,100.3,99.4,99.7,98.5,,102.6,100.3,99.8,100.1,99.2,99.8,97.4,,101.7,100,103.4,104.2,102.7,98.7,99.7,100.9,102.1,98.7,99,100.3,101.4,97.7,99.6,102.6,100.3,98.9,98,100.4,99.5,97.4,97.9,104.2,99.8,96.8,98.2,99.4,95.3,83.7,87.1
DCAD210I,　　　　　外航貨物水運業,20,101.7,99.9,100,100.4,99.1,100.7,100,,101.6,100,99.7,100.2,99.4,100.7,99,,101.4,100.1,102.6,102.6,101,98.6,99.9,100,101.5,99.3,100.3,99,100.2,99,100.9,101.4,99.4,98.9,98.1,100.2,100.2,98.6,99.9,104,100.2,98.6,100.4,100.7,96.2,86.9,90.1
DCAD220I,　　　　　内航貨物水運業,11.4,103.5,101.6,100,100.2,99.9,98.1,96,,104.4,100.9,100.1,99.9,98.9,98.3,94.7,,102.3,99.9,104.8,107,105.9,98.9,99.2,102.4,103.2,97.8,96.6,102.5,103.4,95.5,97.5,104.6,102,98.9,97.9,100.7,98.2,95.3,94.5,104.4,99.1,93.5,94.3,97,93.8,78.1,81.8
DCAE000I,　　　航空運輸業,19.6,90.3,95.7,100,106,113.1,115.5,116.6,,91.9,97.2,101.1,108,113.9,115.8,110.1,,83.8,84,99,94.4,90,90.8,103.5,98.4,96,95.1,106.7,102.1,100.3,100.4,113.2,110.3,108.1,107.9,120.3,116,111.2,113.5,119.7,117.6,112.3,114.2,122.6,117.5,85.9,18,33.1
DCAE100I,　　　　航空旅客運送業,16.8,90.3,95.1,100,106.5,113,116.3,119,,91.8,96.5,101.6,108.3,113.7,117.1,111.5,,83.9,83.7,100.2,93.4,89.8,89.7,103.8,97.1,95.2,94.9,107.9,102,101.6,100.5,114.5,109.6,108.6,107.3,120.9,115.1,111.6,113.6,121.7,118.1,114.8,116.4,125.8,119,84.8,9.5,25.7
DCAE110I,　　　　　国際航空旅客運送業,6.5,83.1,89.7,100,114.6,123.8,130.3,131.1,,84.3,92,103.8,117.7,125.2,130.8,119.8,,80.6,76.3,91.1,84.2,85.7,86.3,96.3,90.4,94.9,97.5,105.9,101.7,110.1,111.9,120.1,116.5,122.3,118.4,128.6,125.9,127.8,129.8,134.4,129.1,129.9,130.8,135.4,128.3,84.7,2.9,4.1
DCAE120I,　　　　　国内航空旅客運送業,10.3,94.9,98.6,100,101.4,106.1,107.5,111.4,,96.5,99.3,100.2,102.4,106.5,108.4,106.3,,86,88.4,105.9,99.1,92.4,91.9,108.6,101.3,95.3,93.2,109.2,102.2,96.1,93.3,110.9,105.2,100,100.3,116,108.2,101.5,103.3,113.8,111.3,105.2,107.3,119.8,113.1,84.8,13.8,39.3
DCAE200I,　　　　航空貨物運送業,2.8,90.2,98.9,100,103.3,113.7,111.2,102.5,,92.3,101.4,97.9,106.3,114.6,108.3,101.4,,82.6,85.8,91.7,100.5,91.1,96.9,101.1,106.4,101.3,96,99.8,102.9,92.9,99.7,105.5,114.9,105.2,111.2,116.7,121.7,108.6,113.6,107.9,114.6,97.3,100.7,103.1,108.8,93,68.7,77.6
DCAE210I,　　　　　国際航空貨物運送業,2.3,87.9,98.2,100,104.3,116.8,115.4,106,,90.2,101.5,97.5,107.9,118.1,112.4,105,,80.8,84.3,89,97.5,90.1,97.7,99.8,105.3,103.3,96.5,98.7,101.5,93.2,101.4,106.2,116.4,107.7,115,119.5,124.8,113,119.1,111.1,118.5,100.9,104.6,106.2,112.3,97,76.1,83.7
DCAE220I,　　　　　国内航空貨物運送業,0.5,100.5,101.9,100,98.4,99.7,91.5,86.1,,101.6,101,99.9,98.9,98.4,89.6,84.5,,91,92.7,104.2,114.2,95.5,93.3,107,111.7,92.1,93.5,105.3,109,91.5,91.6,102.3,108.4,93.5,93.7,104.1,107.5,88.1,88.4,92.7,96.5,80.6,82.4,88.6,92.8,74.3,34.4,49.5
DCAF000I,　　　倉庫業,48,97.2,99.7,100,98.2,99.3,102.3,105.8,,98.4,100,99.5,98,100.1,102.9,106.5,,92.6,96,98.9,101.2,97.6,99.3,101.5,100.4,98.6,101,100.6,99.9,96.6,99.3,98,99,95.5,99.6,101.5,100.5,99,102.4,102,105.8,101.5,106.1,106.4,109.3,104.2,105.2,106.8
DCAF100I,　　　　普通倉庫業,38.7,97.5,100.5,100,98.1,99.4,102.1,106,,99.1,100.5,99.3,97.9,100.2,102.7,106.9,,92.9,96,99.1,102,99.4,100.1,102,100.3,99.5,101.1,100.3,99.2,96.8,99.3,97.5,98.8,96,99.8,101.7,100.1,99.3,102.2,101.4,105.5,101.6,106.4,106.2,109.9,105.2,105,107.5
DCAF200I,　　　　冷蔵倉庫業,9.3,95.8,96.6,100,98.8,98.8,103.1,104.9,,95.5,97.8,100.3,98.2,99.8,104,104.7,,91.2,96.1,98.1,97.8,89.9,96,99.5,100.9,94.8,100.6,102,102.6,96,99.1,100.3,99.9,93.5,98.6,100.9,102.2,97.5,103.3,104.5,106.9,101.1,105.2,107.1,106.4,100.2,106.3,104.1
DCAG000I,　　　運輸に附帯するサービス業,155,100.4,99.3,100,101.5,102.7,103.7,104.6,,101,98.9,100.4,101.8,102.7,104.2,103.6,,96.2,98.2,103.8,103.2,98.6,97.1,101.1,100.2,97.2,98.1,102.7,102,98.9,98.9,104,104.3,99.8,101.4,104.9,104.6,100,102.3,104.9,107.7,102.1,103.5,107.2,105.6,97.9,78.6,92.5
DCAG100I,　　　　港湾運送業,35.2,102.1,100.3,100,100.3,99.3,100.1,99,,102.3,100.2,99.8,100.1,99.3,100.1,97.9,,101.7,100.1,103.1,103.7,102.2,98.7,99.8,100.6,101.9,98.9,99.4,99.8,101,98.1,100,102.2,100,98.9,98,100.3,99.7,97.8,98.6,104.1,99.9,97.4,98.9,99.8,95.6,84.8,88.1
DCAG200I,　　　　こん包業,21.9,100.1,100.9,100,100.1,103.3,104.7,103.3,,101.5,100.3,99.9,100.6,103.9,104.7,103,,99.3,96.4,98,106.8,104.7,96.9,97,105.2,102.1,97.4,96.5,104,101.7,96,96.5,106.1,103.7,101.4,99.7,108.5,105.8,103.1,99.8,109.9,105.9,101.3,100.6,105.3,104.6,97,96
DCAG300I,　　　　運輸施設提供業,97.9,99.8,98.5,100,102.3,103.7,104.8,106.9,,100.4,98.1,100.8,102.6,103.7,105.6,105.7,,93.5,98,105.4,102.2,96,96.6,102.5,98.9,94.4,97.9,105.3,102.3,97.5,99.8,107.2,104.7,98.9,102.3,108.5,105.3,98.8,103.6,108.3,108.5,101.9,106.2,111.7,107.7,97.2,72.3,93.4
DCAG310I,　　　　　道路施設提供業,81.4,101.7,99.2,100,101.7,102.8,103.9,105.2,,102.1,98.6,100.5,101.9,102.7,104.6,104.4,,95,99.7,107.6,104.4,96.9,97.1,103.3,99.6,94.3,97.9,105.6,102.3,96.5,98.9,106.9,104.4,97.6,101.2,108,104.4,97.1,102.4,108.4,107.7,100.1,104.2,110.1,106.3,96.9,80.2,102.8
DCAG320I,　　　　　飛行場業,16.5,90.5,94.9,100,105.3,108.3,109.3,115.4,,91.9,95.7,101.9,106,108.9,110.2,112.2,,86.2,89.4,94.5,91.9,91.8,94,98.4,95.4,95.1,98.2,104.2,102.5,102.5,104.1,108.4,106.1,105.1,107.3,111.4,109.3,107.6,109.6,107.6,112.4,111.3,115.8,119.5,114.9,98.4,33.6,46.8
DCB0000I,　　郵便業（信書便事業を含む）,40.7,98.7,99.2,100,99.2,99.7,98.5,97,,99.8,98.9,100,99.6,100,98.2,96.2,,85.6,89.2,83.9,135.9,90,89.1,83.3,134.4,88.7,91.5,85.4,134.4,88.5,91.6,85.7,130.9,90,91,85.2,132.6,91.1,91.6,85.2,125.8,90.1,90.4,87.6,119.7,87.2,83.1,78.8
DCX1000I,　　旅客運送業,296.4,97.3,98.7,100,101.1,102.9,103.9,104.5,,98.4,98.2,100.4,101.4,103.2,103.8,102.3,,93.3,98.2,99.2,98.5,97.7,98.3,99.5,99.2,95.8,100.8,102.8,100.7,97.3,101.8,103.1,102.1,98.5,103.5,105.1,104.5,99.7,104.7,105.9,105.3,99.5,105.1,108.6,104.6,90.8,57.5,73.1
DCX2000I,　　貨物運送業,428.7,100.1,100.9,100,100.1,103.3,104.7,103.3,,101.5,100.3,99.9,100.6,103.9,104.7,103,,99.3,96.4,98,106.8,104.7,96.9,97,105.2,102.1,97.4,96.5,104,101.7,96,96.5,106.1,103.7,101.4,99.7,108.5,105.8,103.1,99.8,109.9,105.9,101.3,100.6,105.3,104.6,97,96
DD00000I,　卸売業,1350.5,105.1,102,100,100.3,100.4,102,101.3,,105.7,100.5,99.8,99.9,101.2,101.8,99.7,,104.4,102.2,104.5,109.1,106.8,97.2,101,103.2,100.8,96.6,99.4,103.1,100,97.3,100.7,103.2,98.5,97.7,100.2,105.1,101.9,100.4,99.9,105.8,101,100,103.9,100.2,94.8,83.6,89.1
DDA0000I,　　各種商品卸売業,19.1,94.7,93.8,100,101.3,98.1,94.9,85,,94.8,94.4,99.4,100.2,98.1,92.4,83,,101.3,90.3,92.7,94.5,101.5,93.3,88.4,91.9,104.1,98.6,96.5,100.8,101.7,98,102.1,103.4,97.2,95.6,98.2,101.3,97.1,94.9,90.7,96.8,87,80.6,85.3,87.1,78.9,68.4,69
DDB0000I,　　繊維・衣服等卸売業,61,119.2,109,100,88.5,83.2,78.2,72.9,,117.5,105.8,98.7,84.6,83.7,76,70.5,,119.1,119.5,110.8,127.6,112.2,106.7,104.8,112.3,99.3,97,96,107.6,94.1,88.3,84.2,87.1,78.7,81.1,83.3,89.7,80.5,78.1,73,81.4,71.4,72.7,74.4,73.3,61.5,51.4,55.9
DDBA100I,　　　繊維品卸売業,11.1,102.7,102.6,100,94.5,90.7,90.6,87.6,,101.3,101.3,99.2,92.1,91.7,90.2,84.8,,110.5,99.5,96.5,104.2,105.1,101.6,103,100.6,99.9,97.5,98.8,103.7,97,93.6,93.9,93.7,87.3,87.6,92.1,95.9,91.3,88.6,88.4,94.2,89.6,85.8,88.4,86.7,78.5,64.6,66.3
DDBA200I,　　　衣服・身の回り品卸売業,49.9,122.9,110.4,100,87.1,81.5,75.5,69.7,,121.1,106.8,98.6,82.9,81.9,72.8,67.3,,121,124,113.9,132.7,113.7,107.9,105.2,114.9,99.2,96.9,95.4,108.5,93.5,87.2,82.1,85.7,76.8,79.6,81.4,88.3,78.1,75.7,69.5,78.5,67.4,69.7,71.3,70.3,57.8,48.4,53.6
DDC0000I,　　飲食料品卸売業,234.3,95.1,96.2,100,100.5,101.8,105.8,104.3,,96.1,96.2,100.9,100.4,102.6,105.5,104.1,,87.2,94.6,95.1,103.3,91.4,93.5,97.1,102.8,91.5,99.8,102,106.6,95.3,100,101.4,105.4,94.8,101.4,101.8,109.3,98,105.3,106.1,113.8,96.8,104.3,106.4,109.7,96.1,97,102.4
DDCA100I,　　　農畜産物・水産物卸売業,88.2,94.1,97.7,100,96.4,94.3,96.1,97.3,,95.6,97.8,100,95.1,95.2,96.1,97.1,,88.3,91.1,91.3,105.8,94.3,94.5,98.1,103.8,95,101,100.9,103,94.9,96.2,95.1,99.4,89.7,93,92.5,102,93.4,94.3,94.1,102.7,93.2,96.2,98.2,101.4,92.4,89.6,96.2
DDCA200I,　　　食料・飲料卸売業,146.1,95.6,95.3,100,103,106.4,111.6,108.6,,96.4,95.3,101.5,103.6,107.1,111.2,108.4,,86.6,96.6,97.5,101.8,89.7,93,96.4,102.2,89.4,99.1,102.7,108.7,95.5,102.3,105.2,109,97.9,106.5,107.4,113.6,100.7,111.9,113.4,120.4,99.1,109.2,111.3,114.8,98.4,101.4,106.2
DDD0000I,　　建築材料，鉱物・金属材料等卸売業,242.7,102.3,98.2,100,105,100.3,98.8,99.7,,102.4,97.3,101.4,103.1,100.3,99.6,97.8,,104.4,99.7,99.9,105.4,104.5,93.6,95.4,99.2,100.8,93.8,98.9,106.5,106.5,101.6,105.1,106.7,99.1,96,101.6,104.5,99.1,95.6,94.7,105.8,102.1,97.1,99.7,99.9,94.3,85.8,87.9
DDDA100I,　　　建築材料卸売業,77.7,110.9,105.5,100,101.6,101.8,105.6,109.6,,111.8,101.8,100.9,101,102.6,107.7,107.6,,108.9,105.5,110,119,112.7,99,103.4,106.8,98.1,93.4,100.2,108.2,101.6,95.6,101,108.1,99.2,94.5,102.4,111.1,102.6,100.1,101.2,118.3,111.3,108.2,109,110,103.2,90.5,93.6
DDDA200I,　　　化学製品卸売業,85.4,102.6,98.9,100,105.4,100.8,96.5,99.3,,102.4,98.9,100.3,103.5,100.5,96.8,98.7,,104.9,102.9,99.6,103.1,103.8,96.8,96,99.1,103.7,94.6,97.4,104.3,104.8,104.5,106.8,105.2,97.3,99.7,104.6,101.5,96.2,95,92.7,101.9,97.5,97,101.2,101.5,95.1,91.5,94.4
DDDA300I,　　　鉱物・金属材料卸売業,79.6,93.7,90.3,100,107.8,98.2,94.8,90.6,,93.2,91.1,103.2,104.7,97.8,94.6,87.2,,99.3,90.7,90.2,94.6,97.3,85,86.9,92,100.4,93.4,99.1,107.1,113.2,104.2,107.2,106.8,100.8,93.3,97.5,101.3,98.9,91.9,90.6,97.8,98.1,86.6,89.1,88.5,84.8,75.1,75.6
DDE0000I,　　機械器具卸売業,445,110.8,107.3,100,99.6,102.8,105.9,106.5,,112,104.5,98.4,100.8,103.9,106.2,103.7,,112.8,104.6,113.7,112.1,117.7,99.7,107.6,104.2,106.6,94.2,100.5,98.7,100.2,93.4,102.2,102.4,105.1,97.9,102.3,106,109.5,101.9,104.1,108,110.9,104.2,111.2,99.6,100,74.9,85.4
DDEA100I,　　　産業機械器具卸売業,153.3,112,108.1,100,94.5,97.4,101.9,95.4,,112.8,106.8,95.4,95.4,99.3,101.7,91.5,,115.1,104,116.3,112.4,118.3,100.2,109,104.8,113.2,95.1,96.9,94.8,94.9,89.2,97,96.9,98.6,90.9,97.2,102.8,106.3,98.5,100.5,102.2,105.8,93.7,95.8,86,90.4,64.1,71.8
DDEA200I,　　　自動車卸売業,63.4,107.3,107.1,100,99.6,101.7,103.9,101.6,,108.6,105.1,99.1,99.3,103.1,103.8,98,,107.9,102.5,108.7,110,113.3,98.2,108.5,108.3,105.6,95.2,98.8,100.4,102.1,96.1,100.7,99.7,100.5,97.6,101,107.7,106.2,97.4,100.8,111.1,105.9,99.1,103.4,98,91.3,62.1,76.2
DDEA300I,　　　電気機械器具卸売業,161.8,109.4,105.9,100,104.3,109.1,114.2,122.8,,111.7,102,100.1,106.7,110.1,115.3,121.8,,109.2,102.7,113.4,112.3,118.4,97,105.7,102.4,102.9,91.5,103.1,102.5,103.3,96.2,108.8,108.9,113,103.9,109.4,110.2,116.9,109.5,113.9,116.6,121.1,119,133.1,118.1,117.1,95.3,108
DDEA400I,　　　その他の機械器具卸売業,66.5,114.9,108.9,100,99.6,101.1,96.7,97.1,,114.2,104.7,100.4,100.1,100.4,96.9,93.5,,121.3,112.5,113.2,112.7,118.3,106.5,107.8,102.9,101.6,97.9,103.7,96.8,103.1,93.5,99.6,102,105.1,100,97.7,101.6,102.3,95.6,91.5,97.6,102.9,97.5,100.9,87.1,88.4,62.2,70.3
DDF0000I,　　その他卸売業（機械器具を除く住関連卸売業）,348.4,104.6,101.2,100,99.8,99.5,101.3,99.5,,104.9,100,99.9,99,100.6,100.2,99.1,,102.9,103.8,102,109.5,104.3,97.6,99.1,103.8,99.6,99.4,97.6,103.4,99.3,99.1,97.8,103.1,95.8,98.9,98.7,104.4,100.5,102.9,99.4,102.4,96.3,99.6,101.9,100.3,94.5,90.8,92.8
DDFA100I,　　　家具・建具・じゅう器等卸売業,27.8,119.9,109.4,100,95.6,91.8,87.4,82.9,,121,102.8,99.8,94.3,90,86.9,82.1,,122.1,114.5,114.8,128.5,126.3,107,100.8,103.4,100.1,101.2,99.1,99.7,99.2,92.9,92.6,97.6,94,91.8,87.9,93.6,86.6,85.1,86,91.8,84.5,83.3,83.5,80.3,81.2,68.8,69.4
DDFA200I,　　　医薬品・化粧品等卸売業,131,96.8,95.6,100,102.4,105.1,107.6,113.9,,97.6,95.9,100.3,103,105,109.4,113.5,,90.7,97,95.7,103.9,93.9,91.1,94.9,102.3,95.5,97.9,98.2,108.4,96.8,103.9,100.4,108.6,99.2,106.1,103.4,111.7,98.9,111.2,105.8,114.5,106.2,113.9,117.1,118.2,104.8,106.9,106.5
DDFA300I,　　　その他の卸売業,189.6,107.6,103.9,100,98.6,96.7,99,92.1,,107.5,102.4,99.7,96.8,99.1,95.8,91.7,,108.6,106.9,104.4,110.6,108.2,100.7,101.7,104.9,102.3,100.2,97.1,100.5,101,96.7,96.8,100.1,93.8,95,97,100.9,103.7,99.8,96.9,95.5,91,92,94.2,91,89.4,82.8,86.8
DE00000I,　金融業，保険業,878.5,96.9,96.8,100,98.3,97.6,100.9,100.3,,96.7,97.7,100.3,97.1,98.6,101.1,100.3,,97.3,97.9,96,96.3,96.7,96.2,96.1,98.1,100.5,99.8,100.7,99,101.5,98,96.8,96.8,96.8,97.5,97.1,99.1,100.6,100.6,99.9,102.5,101.2,100.4,100.2,99.2,101.3,98.5,100.7
DEA0000I,　　金融業,512.6,97,96.6,100,101.2,104.4,107.4,107.6,,97.7,97,100.5,101.5,105.4,107.2,108.8,,93.5,101.1,95.1,98.3,96.3,95.5,94.7,100,97.8,100.5,99.6,102,100,100.8,99.8,104,101.5,104.8,102.6,108.4,105.8,107.5,105.5,110.6,105.2,107.6,107.3,110.4,109.8,112,111.5
DEAA000I,　　　銀行業・協同組織金融業,401.2,96.9,98.2,100,101.9,104.5,106.5,108.6,,97.4,98.5,100.4,102.6,104.9,106.9,109.4,,94.5,97.8,96.1,99.1,96.8,98.2,97.2,100.4,98.1,100.5,98.6,102.8,99.8,102.7,100.8,104.5,102.4,105.6,103,107,104.1,107.2,105.3,109.2,106,109.1,108.1,111.2,109.1,115.1,113.8
DEAA110I,　　　　金融仲介業務,249.3,97.2,98.1,100,102.5,106,108.5,110.4,,97.8,98.3,100.5,103.4,106.7,109,111,,96.4,97,97.5,97.8,98.8,97.4,97.7,98.5,99.5,99.9,100.2,100.4,101.4,102.1,102.9,103.5,105,105.7,106.4,106.9,107.6,108.5,108.9,109.1,109.5,110.5,110.7,110.9,111.9,115.2,118.7
DEAA120I,　　　　金融決済業務,151.9,96.4,98.3,100,101.1,102.1,103.1,105.6,,96.9,98.9,100.3,101.4,102.1,103.5,106.7,,91.4,99.2,93.8,101.1,93.5,99.7,96.3,103.7,96,101.4,95.9,106.8,97,103.5,97.5,106.2,98.2,105.4,97.5,107.1,98.4,105.1,99.3,109.5,100.2,106.9,103.8,111.6,104.6,115,105.6
DEAA121I,　　　　　手形交換高,5.4,114,107.4,100,92.7,86.6,80.1,74.3,,113.7,105.7,98.2,91,84,79,73.1,,111.6,114.2,120.6,109.5,110.4,108.7,108.5,102.1,103.3,100.8,100.2,95.7,96.1,93.5,92.7,88.4,89.3,87.9,82.8,86.3,79.1,81.6,79.8,80.1,74.6,75.2,77.4,70,69.7,63.5,62.7
DEAA122I,　　　　　日銀当座預金決済高,14,96.3,98.7,100,97.6,99.3,100.4,104.5,,96.8,100.4,99,97.8,99.3,101.2,106,,93.2,100.3,94.7,97,95.5,97.8,98.9,102.8,102.2,101.5,99.8,96.6,97.9,96.9,97.9,97.6,98.7,100.4,98.1,100,98.5,99.9,99.8,103.6,101.7,102.8,106.5,107.2,107.5,101,102.3
DEAA123I,　　　　　全銀システム取扱高,131.9,95.6,97.9,100,101.8,103,104.3,107,,96.2,98.5,100.5,102.2,103.1,104.8,108.2,,90.3,98.4,92.6,101.2,92.5,99.5,95.6,103.8,95,101.4,95.3,108.3,97,104.6,97.7,107.8,98.5,106.7,98,108.7,99.1,106.6,100,111.4,101.1,108.6,104.6,113.8,105.7,118.7,107.8
DEAA124I,　　　　　外国為替円決済交換高,0.6,99,95.9,100,102.3,104.5,106,107.5,,98.2,97.6,99.9,102.9,104.9,106.2,107.6,,97.4,103.7,97.3,97.4,94.3,92.8,93.9,102.5,101.3,101.4,99.6,97.7,100.9,101.4,101.9,104.8,103.4,104.2,104.5,105.7,105.3,105.5,104.6,108.4,106.3,108.5,108.5,106.8,106.7,96,94.9
DEAB000I,　　　貸金業，クレジットカード業,42.9,92.1,96.6,100,105.3,113.9,123.6,134,,94.2,96.5,101.2,107,116.4,125.8,136.2,,88.3,91.6,92.2,96.3,96.7,94.2,95.6,99.7,96.6,99.5,100,103.9,101.3,104.4,104.6,110.7,108.1,112.1,114,121.3,118.2,122,123.3,131,126.9,132,136,141.3,135.7,114.6,124.8
DEAB100I,　　　　貸金業,3.8,107.9,100.4,100,101.2,103.6,109,116.3,,105.2,100,100.2,101.6,104.6,110.8,118,,111.7,109.6,107.5,102.7,101.1,100.5,100,100.1,99.5,99.9,100.1,100.4,100.3,101.1,101.4,102,102.1,103,104,105.5,106.1,108.2,109.7,111.9,113.3,115.7,117.2,118.9,120.1,119.7,116.8
DEAB200I,　　　　クレジットカード業,39.1,90.6,96.2,100,105.6,114.9,125.1,135.8,,93.1,96.2,101.3,107.5,117.6,127.3,138,,86.1,89.8,90.7,95.6,96.3,93.6,95.2,99.7,96.3,99.5,100,104.3,101.4,104.7,104.9,111.6,108.7,113,115,122.9,119.4,123.4,124.6,132.9,128.2,133.6,137.8,143.4,137.2,114.2,125.6
DEAB210I,　　　　　販売信用業務,31.7,88,94.9,100,107.3,118.8,130.9,144.4,,90.7,95.1,101.6,109.7,121.9,133.7,147.2,,83.9,86.3,87.6,94,94.8,91.3,93.9,99.5,95.9,98.8,99.9,105.4,102.2,105.4,106.7,114.9,111.7,116,118.9,128.4,124.2,128.3,130.7,140.5,135.4,141,146.7,154.3,146.7,124.3,140.4
DEAB220I,　　　　　消費者金融業務（クレジットカード業）,7.4,101.7,101.9,100,98.6,98.2,99.9,98.9,,103.5,100.7,100,98,98.9,99.6,98.7,,95.5,104.8,103.9,102.5,102.7,103.4,100.9,100.4,98.1,102.3,100.3,99.4,98,101.8,97.1,97.3,95.8,99.9,98,99.2,98.4,102.3,98.5,100.3,97.1,101.9,99.7,96.7,96.4,70.8,62.3
DEAC000I,　　　金融商品取引業，商品先物取引業,68.5,100.6,87.8,100,94.1,97.4,102.5,85.3,,101.4,88.6,101.1,91.8,101.5,97.2,88,,90.5,126,91.2,94.6,93.6,80.1,80.1,97.6,96.7,101.7,105.1,96.6,100.9,88.1,90.4,96.9,91.6,95.9,93.1,109,108.1,99.8,95.9,106,86.9,83.5,84.4,86.2,97.9,92.1,89.9
DEAC110I,　　　　発行業務,14.5,111.2,103.3,100,99,94,88.4,86.3,,110.2,102.2,99.6,98.7,91.6,87.4,85.2,,108.8,114,111.7,110.1,104.8,104.7,101.8,101.7,100.6,98.1,97.6,103.8,98.8,96.4,103.3,97.3,97.9,92.1,94.5,91.4,88.4,86.8,87.8,90.4,84.7,84.3,87.9,88.1,80.5,85.1,109.5
DEAC120I,　　　　流通業務,54,97.8,83.7,100,92.8,98.3,106.3,85,,99,84.9,101.5,89.9,104.2,99.8,88.7,,85.6,129.2,85.7,90.5,90.6,73.4,74.2,96.4,95.6,102.6,107.1,94.6,101.5,85.9,87,96.8,89.9,96.9,92.8,113.7,113.4,103.3,98.1,110.2,87.5,83.3,83.5,85.7,102.5,93.9,84.7
DEB0000I,　　保険業,365.9,96.7,97,100,94.3,88.2,91.9,89.9,,95.3,98.8,99.8,90.9,89,92.4,88.4,,102.7,93.5,97.1,93.4,97.2,97.3,98,95.5,104.3,98.8,102.3,94.6,103.6,94,92.7,86.7,90.3,87.2,89.4,86.1,93.3,91,92.1,91.1,95.6,90.3,90.4,83.5,89.2,79.5,85.7
DEBA000I,　　　生命保険業,267.7,96.7,96.9,100,93.3,85.1,88.8,85.1,,94.7,99.2,100,88.5,85.8,89.5,82.7,,105.7,91.3,97.7,92.1,97.6,96.2,99,94.6,107.1,97.4,101.9,93.7,107.2,91.6,91.2,82.9,88.3,82.2,87.1,82.8,91,86.5,89.3,88.3,94.1,84.4,84.9,77.1,84.2,69.7,78
DEBB000I,　　　損害保険業,98.2,96.6,97.4,100,96.9,96.8,100.3,103,,97.1,97.4,99.3,97.4,97.7,100.3,103.8,,94.6,99.2,95.5,97.2,96.3,100.3,94.9,98,96.5,102.8,103.5,97.1,93.7,100.6,96.5,96.8,95.7,100.7,95.7,94.8,99.4,103.4,99.6,98.7,99.6,106.6,105.1,100.8,102.9,106.3,106.5
DF00000I,　物品賃貸業（自動車賃貸業を含む）,249.1,96.8,97.9,100,102.7,104.6,106.4,107.5,,97.5,98,100.5,103.3,105,106.6,107.9,,97.2,93.8,97.7,98.6,99.7,94.5,97.9,99.5,100.2,97.1,101.1,101.6,102.2,99.8,104.2,104.7,104.6,101.7,105.6,106.4,106.2,103.7,107.6,108.1,106.9,104.6,109,109.4,108.5,101.5,104.9
DFA0000I,　　物品賃貸業,205.8,97,97.9,100,102.8,104.2,105.5,106.6,,97.5,98,100.5,103.3,104.5,105.5,107.3,,97.8,93.9,97.2,99.1,100,94.6,97.4,99.7,100.4,97.1,100.6,101.8,102.4,99.8,103.8,105,104.6,101.4,104.8,106,105.8,102.7,106,107.2,106.1,103.4,107.8,109.1,108.8,102.8,105.1
DFAA000I,　　　リース業,137.7,97.6,97.7,100,103.2,104.6,103.7,103.4,,97.4,98.1,100.8,103.8,104.5,103.3,104.2,,98.5,97.6,97.2,97.1,97.6,97.8,97.6,98,99.2,99.5,100.3,101,102.2,102.7,103.7,104.2,104.5,104.7,104.6,104.4,104.3,104,103.5,103.1,102.4,103,103.8,104.3,105.6,104.4,103.9
DFAA100I,　　　　産業用機械リース,51,103.6,98.7,100,103.7,105.7,104.7,104.4,,102,98.4,100.9,104.4,105.7,104.2,104.1,,106.4,104.1,102.5,101.3,100.2,98.7,97.9,97.9,99.1,99.5,100.3,101.1,102.7,102.7,104.3,105,105.6,105.8,105.9,105.5,105.6,104.7,104.1,104.2,103.7,104.5,105.1,104.5,102.3,100,99.4
DFAA110I,　　　　　医療用機械リース,5.7,92.7,96.2,100,104.3,107,106.1,104,,93.3,97.1,100.9,105.3,107.2,105.2,104,,92.8,92.6,92.5,93,95,96.5,96.3,97.1,98.6,99.8,100.4,101.2,102.2,104.1,105.1,105.8,106.3,107.1,107.5,107.1,106.9,106,105.8,105.5,103.6,103,104.6,104.9,103.3,102,100.7
DFAA120I,　　　　　工作機械リース,3.5,126.3,102.2,100,102.7,104.8,108.7,115.1,,120.3,99.5,100.9,102.9,105.5,110.1,116.5,,134.8,128.9,123.8,117.8,110.7,99.6,99.2,99.2,99.8,99,99.3,101.9,103.5,102.3,102.2,102.9,104.2,104.8,104.5,105.7,107,107.8,109.1,110.8,112.5,114.3,116.3,117.3,118.2,118.3,118.2
DFAA130I,　　　　　商業・サービス業用リース,22.7,99.8,98.2,100,101,102,102,101.5,,98.9,98.6,100.3,101.4,101.9,102,101.2,,101.6,100.2,99,98.5,97.9,97.8,98.3,99,99.5,99.9,100.3,100.3,100.5,100.8,101.3,101.6,102,102.2,101.9,101.7,101.9,102.1,101.9,102.2,101.7,101.6,101.4,101.2,100.5,99.2,98.4
DFAA140I,　　　　　産業機械リース,19.1,107.2,99.3,100,106.8,109.9,106.7,106.2,,105,98.4,101.7,108,109.7,105.5,105.4,,111.1,107.7,105.7,104.2,102.5,100.2,97.8,96.7,98.7,99,100.4,102,105.2,104.7,108.1,109.1,110,109.8,110.4,109.3,109.3,106.9,105.4,105.1,104.5,106.7,107.5,106,101.3,97.1,96.6
DFAA200I,　　　　事務用機械リース,56,91.3,95.8,100,102.5,102.4,101,101.2,,92.2,96.9,100.8,102.8,102.1,100.6,102.9,,90.3,90.6,91.7,92.5,94.1,95.5,96.4,97.2,98.5,99.6,100.7,101.3,101.8,102.4,102.9,102.8,102.9,102.6,102.2,101.7,101.6,101.2,100.7,100.4,100.2,100.4,101.5,102.8,106.9,106.3,106
DFAA210I,　　　　　情報関連機器リース,49.7,89.5,94.8,100,103.7,104.3,103.6,104.4,,90.6,96.1,101.1,104.2,104.2,103.4,106.4,,88.2,88.7,90,90.9,92.8,94.5,95.4,96.5,98,99.4,100.9,101.7,102.6,103.5,104.2,104.4,104.6,104.5,104.3,103.9,104,103.8,103.4,103.2,103.1,103.5,104.7,106.4,111,110.4,110.1
DFAA220I,　　　　　その他の事務用機械リース,6.3,105.5,103.8,100,93.4,86.9,80.4,76.2,,104.9,103.3,98.4,91.8,85.2,79.1,75.4,,106.7,105.6,105,104.6,104.4,103.9,103.8,103.1,102.2,101.1,99.2,97.5,95.9,94,92.6,91,89.4,87.8,86.1,84.3,82.7,81,79.5,78.4,77.4,76.6,75.7,75.1,74,73.4,73.4
DFAA300I,　　　　その他のリース,30.7,99.2,99.6,100,103.6,106.7,107.1,105.5,,99.1,99.9,100.4,104.5,107,106.5,106.6,,100.4,99.5,98.4,98.7,99.7,100.3,99,99.5,100.7,99.4,99.5,100.3,102.2,103.1,104,105.1,105.7,106.7,106.8,107.7,106.8,107.9,107.5,106.2,104.4,105,106.1,106.6,108.6,108.4,107.7
DFAB000I,　　　レンタル業,68.1,95.7,98.3,100,101.9,103.4,109,113.1,,97.9,97.8,100,102.4,104.5,110.1,113.6,,96.2,86.4,97.4,103,104.7,88.2,97.1,103,102.9,92.3,101.2,103.6,102.9,93.9,104,106.8,104.8,94.7,105.3,109,109,100.2,111.2,115.5,113.4,104.4,115.7,118.7,115.4,99.5,107.6
DFAB100I,　　　　土木・建設機械レンタル,36.7,92.9,98.3,100,101.2,104.8,112.5,119.8,,96.2,97.8,99.7,101.8,106.5,114.4,120.1,,93.1,80,91.7,106.6,106.4,84.8,94.5,107.5,104.2,89,98.7,108,103,88.7,101,111.9,105.5,94,104.9,114.7,112.5,101.6,112.3,123.7,120.1,109,120.6,129.3,121.5,103.3,110.5
DFAB200I,　　　　情報関連機器レンタル,2.1,95,94.6,100,97.9,101.4,111.5,121.3,,95.3,94.9,100.1,97.8,104,114,125.7,,96,93.5,94.2,96.3,97.1,91.9,93.3,95.9,98.5,99.9,100.7,100.9,98.9,98.2,99,95.3,98.6,99.1,100.9,107.1,108.7,108.7,114.8,113.9,118.6,117,122.1,127.6,136,125.2,131.6
DFAB300I,　　　　音楽・映像ソフトレンタル,2.8,117.4,106.7,100,96.7,87.6,76.7,64.2,,113.1,105.4,99.7,94,85.1,74.1,61.9,,123,114.8,121.7,110.2,105.7,100.7,111.7,108.7,100.3,96.2,103.7,99.8,99.1,96.4,98.6,92.7,88.4,85.1,92.1,84.7,78.6,75.5,80.8,71.8,68.4,65.3,64.6,58.5,59.3,59.1,52.7
DFAB400I,　　　　その他のレンタル,26.5,97.5,97.6,100,103.8,103.4,107.3,108.3,,98.8,97.3,100.4,104.5,103.7,107.5,109,,97.7,91.7,102.9,97.7,103,91.3,99.5,96.6,101.8,95.7,104.5,98,103.4,100.6,109.1,102.1,106.1,96.3,107.5,103.7,107.3,100.3,112.5,108.9,108.4,101.3,113.7,109.9,111.3,96.6,107.4
DFB0000I,　　自動車賃貸業,43.3,96,97.8,100,102.5,106.4,110.9,111.6,,97.1,97.9,100.5,103.6,107.2,111.6,110.7,,94.4,93.5,99.7,96.5,98.7,94,100,98.6,98.8,97.4,103.5,100.3,100.7,99.5,106.4,103.4,104.9,103.1,109.3,108.3,108,108.3,115,112.4,110.6,110,114.7,111.1,106.9,95,103.9
DFBA000I,　　　自動車リース業,32.5,96.3,98.1,100,102.3,105.3,108.9,108.8,,97.1,98.3,100.4,103.2,105.8,109.5,108.3,,96.2,96.2,96,96.7,99.6,96.2,97.5,99.1,100.6,99.5,99.8,100.1,102.1,101.9,102.7,102.6,105.7,104.2,105.3,106,107.4,108.7,109.8,109.7,109.6,108.8,109.3,107.5,107.7,107.5,107.7
DFBB000I,　　　自動車レンタル業,10.8,95.3,97.1,100,103,109.6,117,120,,97,96.5,100.8,104.5,111.6,117.9,117.8,,89,85.4,110.7,96,95.8,87.5,107.8,97.4,93.2,91.1,114.6,101,96.5,92.3,117.8,105.5,102.3,99.7,121.3,115.2,110,107.1,130.7,120.4,113.4,113.5,131.2,121.9,104.6,57.4,92.7
DFBB100I,　　　　自動車レンタル業（法人向け）,6.7,95.2,97.9,100,104,110,119.1,122,,97.4,97,100.8,105.4,112.3,119.7,120.3,,93.8,86.6,98.9,101.5,102.6,89.2,96.2,103.5,98.8,92.8,101.6,106.8,101.9,94.6,108,111.3,107.5,100,111.1,121.5,116.4,109,122.3,128.7,118.7,113.9,123.4,131.9,112.2,71.8,96.4
DFBB200I,　　　　自動車レンタル業（個人向け）,4.1,95.4,95.8,100,101.6,109,113.6,116.9,,96.3,95.6,100.9,103.1,110.4,115,113.7,,81.2,83.4,130.1,87,84.7,84.5,126.6,87.3,84.2,88.4,136,91.5,87.8,88.7,133.8,96,93.9,99.1,138,105,99.4,103.9,144.5,106.7,104.9,113,144,105.7,92.3,33.8,86.5
DG00000I,　事業者向け関連サービス,881.7,99.4,98,100,103.4,105.6,106.7,107.5,,99.9,97.6,100.9,104,105.7,107.1,107.2,,97.3,96,101.3,103,99.2,95.2,99.1,98.3,97.9,96.9,102.8,102.3,101.7,99.7,105.5,106.6,104.3,103.8,106.4,107.7,105,104.3,108,109.5,106.7,105.3,110.3,107.9,105.2,97.5,102.4
DGA0000I,　　学術・開発研究機関,17,99.8,100.4,100,98.6,98.3,98.6,97.3,,100.7,100.7,99.9,97.9,98.2,98.3,98.2,,93.8,101.7,100.5,103.3,97.2,101.9,101.1,101.5,98.5,100.9,100.9,99.8,98,98.7,99.2,98.6,95.2,100.1,98,100,94.6,100,98.3,101.6,93.1,98.2,98.2,99.7,96.6,98.2,99
DGB0000I,　　専門サービス業,84.2,102.4,100.2,100,99.5,100.5,104,104.3,,102.1,100.5,100,99.5,100.8,104.7,103.9,,101,104.2,101.4,103.1,99.9,101.8,99.4,99.8,101,100,99.5,99.5,100.9,100.8,98,98.5,100.8,101,98.8,101.2,102.3,105.1,103.2,105.5,105,104.2,103.2,104.9,103.5,100.9,103
DGBA000I,　　　法律事務所，特許事務所,26.1,103.1,100.5,100,100.7,100.6,100.9,101.8,,102.4,100.5,100.3,100.4,100.4,101.3,102,,103.6,101.4,103.2,103.9,101.2,98.9,100.8,101,101.5,97.4,99.7,101.4,102.7,98.6,100.9,100.5,101.7,98.3,100.5,101.8,100.9,98.4,99.8,104.5,102.6,99,102.1,103.7,103.1,97.6,107.3
DGBA100I,　　　　法律事務所,19.1,104,100.6,100,100.3,99.1,99.6,101.1,,103.1,100.7,100.2,99.6,99.1,100,101.7,,103.2,103.5,104.4,105.1,99.3,100.2,101,102,99.5,98.6,99.4,102.5,100.4,99.7,100.6,100.6,97.7,98.2,99.8,100.6,97.6,98,99,103.7,99.5,99.2,102,103.8,101.8,98.7,109.6
DGBA200I,　　　　特許事務所,7,100.4,100,100,101.6,104.7,104.5,103.9,,100.7,100.2,100.5,102.5,103.9,104.9,102.7,,104.8,95.9,100,100.9,106.2,95.3,100.4,98.3,107,94.2,100.5,98.4,109.1,95.6,101.5,100.3,112.7,98.7,102.1,105.2,109.8,99.4,102.2,106.6,111.1,98.6,102.4,103.3,106.6,94.4,101
DGBB000I,　　　公証人役場，司法書士事務所,6.7,108,104.6,100,99.5,98.9,106.2,102.5,,108.5,104.6,98.9,99.9,99.4,106.8,100.2,,106,110.5,105.6,110,108,107.3,100.8,102.2,108.1,98.8,95.1,97.9,103.9,99.9,93.5,100.9,105.2,96.2,93.3,100.9,107,104.4,110.3,103.1,109.6,96.8,104.4,99.1,100.5,85.3,87.3
DGBC000I,　　　公認会計士事務所，税理士事務所,51.4,101.3,99.6,100,99,100.6,105.3,105.8,,101.1,100,99.9,99,101.3,106.1,105.4,,99,104.8,99.9,101.7,98.2,102.5,98.5,99,99.8,101.5,100,98.7,99.5,102,97.1,97.2,99.8,103,98.8,101,102.5,108.5,103.9,106.4,105.6,107.7,103.6,106.3,104.1,104.7,103
DGC0000I,　　広告業,76.9,97.2,98.3,100,102.8,102.3,100.8,99.5,,98.7,97.7,101.4,103.1,101.7,100.4,99.3,,100.8,91.6,95.5,100.8,106.9,91.1,94.8,100.2,104.8,93.2,98.3,103.6,110.3,96.1,99.6,105.3,111.3,95.3,97.6,105.2,108.6,95.6,96.7,102.1,107.2,93.5,96.7,100.6,106.6,81,84.1
DGCA000I,　　　４媒体広告,29.5,105.6,103.8,100,98.2,96.1,93.7,91.8,,106.5,102,99.7,97.4,95.7,93.2,91,,108.2,101.5,104.5,107.9,112.1,98.1,100.6,104.5,104.6,94.5,99.3,101.7,103.3,92.4,97.4,99.9,100,90.9,94.7,98.7,98.3,90.4,92.8,93.4,96,88.7,92.6,90,92.6,82.7,81.7
DGCA100I,　　　　新聞広告,5.4,110.2,106.6,100,97,93.4,82.5,77.1,,111.1,103.8,99.4,96.3,91.4,80.1,73.2,,121.6,102.7,103.5,112.8,125.5,94.2,98.9,107.8,114.4,90.4,93.8,101.5,112.1,85.7,91,99,109.2,84.1,80.9,99.2,101.1,76.3,71.2,81.5,91.5,69.2,72.7,74.9,75.9,50.5,52.5
DGCA200I,　　　　雑誌広告,1.7,105,103.9,100,96.3,86.7,77.7,70.9,,106.4,101.3,100.2,92.9,84.9,75.9,67.9,,102,98.8,104.6,114.5,107.8,91.5,98.2,118,97.6,91.6,96.1,114.7,98.6,85.6,94.8,106.3,84.7,83.8,85.8,92.4,77.7,70.1,74.7,88.4,70.5,66.3,71,75.8,58.3,43.4,44.8
DGCA300I,　　　　テレビ広告,21.7,104.5,103.2,100,98.6,97.4,97.8,97.3,,105.5,101.5,99.7,97.9,97.6,97.8,97.4,,105.4,101.5,104.7,106.2,109.4,99.6,101.1,102.6,102.9,95.8,100.9,100.5,101.6,94.4,99,99.4,99,93.1,98.8,99,99.4,95.6,99.6,96.6,99.4,95.5,99.4,94.9,99.7,94.3,92.1
DGCA400I,　　　　ラジオ広告,0.7,104.6,102.6,100,102.6,98,91.8,87.4,,104.1,101.4,100.7,102,96.2,90.9,86.1,,106.1,99.5,105.8,107.1,103.8,95.6,103.6,107.3,99,92.4,100.8,107.7,101.9,97.9,102.5,107.9,99.6,92.5,97.9,102.1,92.4,86.1,93.6,95.2,88.8,84.1,89,87.5,83.7,66.7,75.6
DGCB000I,　　　その他の広告,47.4,91.9,94.8,100,105.7,106.2,105.1,104.3,,93.8,95.1,102.4,106.6,105.4,104.9,104.5,,96.1,85.4,89.9,96.3,103.7,86.7,91.2,97.6,105,92.5,97.7,104.9,114.5,98.4,101.1,108.7,118.2,98.1,99.3,109.2,115,98.8,99.1,107.6,114.2,96.4,99.2,107.2,115.3,80,85.6
DGCB100I,　　　　交通広告,3.6,99.5,99.6,100,98.6,97.9,100.4,100.2,,100.5,98.7,99.4,98.7,98.8,99.8,101.7,,106.4,102,94.7,94.9,110.2,100.2,91.4,96.4,106.7,99.7,96.7,96.9,104.3,100.3,92.4,97.3,104.9,98.2,92.8,95.8,108.3,99.1,92.8,101.4,105.9,99.3,95.2,100.4,111.7,70.4,58
DGCB200I,　　　　屋外広告,1.2,112.7,102.1,100,101.9,96.7,94,90.2,,110.9,101.9,100.4,101.2,96.6,91.9,88,,120.8,128,107.6,94.5,113.5,100.2,95.5,99.2,112.6,103,92.3,92.2,114,104.1,97.2,92.4,111.3,93,86.9,95.7,110.9,95.5,81.9,87.5,102.7,87.9,77.9,92.3,93.7,66,56.7
DGCB300I,　　　　折込み・ダイレクトメール,9.9,105.2,102.8,100,98.6,93.5,87.9,82.2,,106.1,100.8,99.6,98.2,91.9,86.6,78.1,,108.9,105.5,99.8,106.4,112.8,100.2,95.5,102.8,104.8,99.3,94.1,101.9,103.3,97.3,93.4,100.4,101.5,92.6,85.5,94.3,95.1,86.4,81.3,88.9,89.6,82.7,78,78.5,73.1,39,55.7
DGCB400I,　　　　インターネット広告,13.7,77.6,88.3,100,116.9,123.6,125.4,126.9,,80.9,89.5,105.4,119.5,122.8,126.7,128.6,,80.2,68.6,72.9,88.7,93.4,79.8,80.1,99.7,98.4,90.9,96.8,114,120.1,107.8,110.7,129,130.3,114,113.5,136.4,127.4,121.3,114.3,138.6,132.4,118.9,117.2,139,139.3,113.1,116.6
DGCB500I,　　　　他に分類されない広告,19,92.7,93.9,100,102.8,102.5,101.1,101.1,,94.4,95.1,102.3,103.5,101.7,100.7,102.5,,97.6,81.3,94.9,97,104.4,81.2,96.7,93.4,109,88,100.8,102.1,118.4,91.4,99.9,101.5,121.3,89.7,98.3,100.7,118,89.2,99.7,97.4,116.3,87.4,99.4,101.4,121.9,80.2,85.8
DGD0000I,　　技術サービス業,188,108.4,104.3,100,101.8,102.9,103,107.4,,109.1,102.4,100,102.4,102.6,104,107.3,,98.5,100.5,118.1,116.3,101.4,99.6,111.6,104.7,93.7,94.8,108.3,103.2,93.7,96.4,111.3,105.8,96.3,98.2,112.4,104.8,95.1,98.1,113.4,105.6,98.9,104.2,119.5,106.9,98.7,102,117.2
DGDA000I,　　　土木・建築サービス業,98,117.3,109.7,100,100.4,101.3,99.1,106,,118.5,105.8,98.6,101.3,100.3,100,106.3,,95.8,106.3,135.3,131.9,100.7,103.7,123.4,111,85.1,93.7,115.7,105.4,79.6,93.4,120,108.4,83.3,96.7,120,105.1,79.4,94.9,118.8,103.2,83.1,105.6,128,107.2,84.5,104.6,127.5
DGDA100I,　　　　建設コンサルタント,75.8,118.1,110.8,100,101.8,104,102,109.7,,119.6,106.7,98.4,103.3,103.3,102.6,110.7,,91.8,104.7,140.6,135.2,98.1,103.3,128.7,112.9,82,92.6,119.2,106.1,75.4,93.3,126.6,111.9,81.2,98.3,127.6,108.8,78.5,98.3,126.3,105,80.8,108.9,137.5,111.4,85,110.5,138.7
DGDA200I,　　　　測量,13.8,110.2,104.5,100,93.4,86,87.7,91,,110.2,101,101.1,90.6,83.9,91.5,88.2,,109.6,110,111.1,110.3,109.3,108.5,102.6,97.7,95.3,98.2,103.1,103.3,99.9,94.8,91.1,87.6,88.7,88.7,84.4,82,80.5,82.6,91.7,96.1,95.6,93.8,89.3,85.4,84.2,81.9,81.5
DGDA300I,　　　　地質調査,8.4,122.3,108.6,100,98.6,102,91.5,97.1,,122.4,105.4,97,100.8,100.3,90.6,96.5,,109,114.9,127.8,137.6,109.2,99.5,110.2,115.3,96.4,95.9,104.4,103.3,84.4,91.7,107.5,110.9,92.9,96.1,109.4,109.6,86.2,84.7,96.1,99,82.7,95,105.8,104.8,80.5,88.7,102.9
DGDB100I,　　　機械設計業,30.1,96.6,96.7,100,104.6,106.4,112.7,116.4,,96.8,97.4,102.6,104.7,107.7,115.5,114.6,,96.3,88.2,100.6,101.3,97.1,91,99.5,99.1,100,94.9,102.5,102.6,110.5,99.8,102.3,105.9,110.6,99.1,107.3,108.5,115.8,102.7,115.5,116.9,126.9,107.1,120.1,111.3,119.7,96.7,111.3
DGDB200I,　　　エンジニアリング業,50.9,101.6,100.9,100,102.6,103.1,103.9,105,,101.4,100.5,100.6,103.1,103,104.2,105.4,,102.6,101.5,101.6,100.8,101.6,101.5,101.2,99.4,99.9,99.7,100.3,100.2,102.2,103.1,102.9,102.1,104.2,102.7,102.9,102.4,104.1,103.3,104.1,104,105.3,103.7,105.2,105.9,106.8,104.3,105
DGDB300I,　　　環境計量証明業,9,88.5,90.4,100,103.8,108.5,108.8,105.8,,90.8,92.4,102.9,104.6,108.8,107.5,105,,113.9,72.3,82.8,85.1,122.9,71.2,82.2,85.4,130.6,79.7,92.7,97,142,79.6,95,98.4,145.4,86.3,100.7,101.7,146.4,86.7,98.8,103.3,141.1,81.8,105.6,94.8,137.9,77.7,92.9
DGDC000I,　　複合サービス事業,11.6,102.4,101,100,97.6,97,99.8,97.5,,102.6,100.9,98.3,97.7,98.9,99.2,97.1,,88.1,113,108.6,99.8,89,109.8,107.5,97.7,88.6,111.3,108.3,91.8,81.9,105.5,108,95.2,82,103.9,107,95,89.6,109.9,104.6,95,87.3,102.6,102.5,97.4,86,99.3,96.6
DGDD000I,　　廃棄物処理業,97.7,94.6,94.6,100,104.5,113.1,117.2,120.8,,95.9,94.8,100.5,107.8,114,117.5,122.2,,91.7,91.3,94.5,100.8,97,92.6,93.7,95.2,97.8,100.1,101.9,100.2,100,99.1,104.9,114.2,112.9,110.9,111.1,117.6,116.2,115.2,114.9,122.3,117.4,116.9,120.9,128.1,122.8,116.3,118.7
DGDE000I,　　自動車整備業（事業用車両）,52.9,96,97.7,100,103.7,105.3,104.6,107.6,,96.2,97.7,102.2,103.5,104.6,106.5,104.5,,98.2,97.4,93.9,94.5,99,97.4,97.7,96.6,99.2,96.9,100.1,103.8,107.9,98.5,101.4,107,107,106,102.7,105.4,104.2,101.7,102.4,110,111.9,106.8,106.6,105.1,99.5,89.6,96
DGDF000I,　　機械修理業,67.6,88.2,85.9,100,102.7,112.3,111.3,107.5,,88.7,88.2,100.7,103.1,113.9,111.7,107.1,,96.3,81.5,88,86.9,98.2,78,84.9,82.5,107.5,92,98.9,101.7,110.3,93.1,102.4,104.9,111.9,110,112.7,114.4,118.4,102.6,109,115.1,120.2,102.3,108.4,99.1,118.3,91.6,100.8
DGDG000I,　　職業紹介・労働者派遣業,217.6,98.1,96.1,100,106.8,107.1,108.9,107.8,,97.9,95.8,102.1,107.3,107.2,108.9,106.9,,96.7,95.4,98.3,102,95.8,94.3,96.6,97.8,94.5,97.7,103.8,103.9,102.9,105.1,108.7,110.3,105.1,107.6,105.7,110.1,105.5,109.1,109.1,112.1,105.4,107.4,109.5,109.1,101.7,92.8,91.5
DGDH000I,　　警備業,68.2,97.6,99,100,103.6,103.6,105.5,105.2,,98.5,98.7,101.3,103.5,104.3,105.6,105.1,,97.3,96.6,98.3,98.1,101.2,97.8,98.2,98.8,100.1,98,100.4,101.4,105.3,102.2,104.1,103,104.8,102.3,103.6,103.8,107.3,104,105.2,105.7,107.4,103.4,105.3,104.8,106.9,99.2,101.2
DH00000I,　小売業,1182.6,102.4,100.7,100,99.9,101.2,101.7,101.4,,103.7,98.9,100.1,99.9,101.1,102,100.7,,101,102,100.7,106,106.2,95.5,97.7,103.5,98.9,98.2,99.2,103.8,99.3,98,98.7,103.7,99.3,99.9,100.2,105.2,99,100.3,100.7,106.6,100.3,100.5,103.5,101.1,97.7,90.7,97.2
DHA0000I,　　各種商品小売業,86.9,105.9,103.1,100,95.9,94.1,92,89,,107.4,100.4,99.4,94.8,93.5,91.5,86.6,,104.9,102.8,100.6,115.4,110.7,93.4,96.7,111.6,99.7,95.3,96,109,97.5,91,91.3,103.7,93.1,89.7,90.3,103.2,90.7,88.9,87.6,101,88.6,85.9,89.2,92.3,78.9,60.2,73.9
DHB0000I,　　織物・衣服・身の回り品小売業,121.3,100.6,100,100,98.8,100.8,100.3,99,,100.9,98.5,100.3,97.9,101,100.3,96.3,,102.5,103.7,92.3,104,103.8,99.3,92.9,103.9,97.7,100.7,96,105.7,99,99.2,91.5,105.6,95.4,103.5,94.4,109.8,96.3,100.7,93.3,111,96.5,102.7,92.6,104.4,85.6,68.6,72.5
DHC0000I,　　飲食料品小売業,364.7,102.2,100.3,100,99.6,99.2,99.1,99.3,,102.4,99.5,100.1,99.4,98.9,99.6,99.6,,98.2,101.5,102.7,106.2,99.1,96.8,99.9,105.2,96.1,98.3,100.6,105,96.3,98.4,100.4,103.3,95.3,98,99.8,103.6,94.2,98.3,99.9,104.2,96,98.8,100,102.5,97.2,101.6,102.6
DHD0000I,　　自動車小売業,149.1,100.2,99.7,100,101.2,107.3,106.3,106.3,,103.8,98,99.6,102.8,106.2,107.4,105.4,,99.3,101.1,101.2,99.4,113.6,92.9,98.5,94,106.6,98.8,100.4,94.2,105.1,99.7,101.8,98.2,111.6,106.7,108.1,102.7,107.3,102.7,107.7,107.3,111.9,102.1,115.4,95.9,108.2,75,95.8
DHE0000I,　　機械器具小売業,75.1,109.9,105.1,100,100.4,104.9,109.2,107.9,,113.9,99.9,98.9,101.3,106.6,109.5,106.8,,107.8,102.2,114,115.6,123.6,86.9,102.6,107.2,102.7,92.7,103.7,100.8,98.2,91.7,106,105.8,101.6,95.3,110.5,112.3,108.4,101.2,113.7,113.7,109.6,100.8,123.5,97.7,105,99,112.8
DHF0000I,　　燃料小売業,77.1,104.6,99.2,100,103.4,101.3,102.1,101,,104.3,97.1,101.3,102.6,101.8,102.1,99.7,,114.7,99.9,96.3,107.4,113.7,90.7,90.1,102.1,105.5,94.5,94.9,105,110.6,96.6,98.5,107.7,107.5,94.8,95,107.7,109.6,97.8,95.3,105.7,109.6,96.8,96,101.4,104.4,84.9,93.2
DHG0000I,　　その他の小売業（別掲を除く住関連）,308.4,101.2,100.6,100,100.2,101.8,103.8,104.3,,102.7,98.5,100.6,100.4,102,104,104.2,,98.2,102.7,99.2,104.6,104.3,97.6,97.4,103.2,95.9,99.9,99.2,105,98.1,100,98.3,104.4,98.7,102.9,100.9,104.9,99.3,105.2,102.9,107.7,100.2,105.7,107.3,103.8,99.8,102,104.8
DHGA100I,　　　医薬品・化粧品小売業,120.9,97.7,98.8,100,101.9,106.2,110.3,114.9,,99.3,97.7,101.1,102.7,107.1,110.8,116,,95.3,96.7,97.2,101.7,101.8,94,96.8,102.7,97.4,98.2,98.7,105.6,101.9,99.2,100.3,106.3,105,105.1,105.6,109.1,108.5,109.3,108.7,114.4,110.5,114.6,119,115.7,114.6,113.7,115.6
DHGA200I,　　　その他小売業,187.5,103.4,101.8,100,99.1,99,99.7,97.4,,104.9,99,100.2,98.9,98.7,99.7,96.5,,100,106.6,100.5,106.5,105.9,99.9,97.7,103.6,95,101,99.5,104.6,95.6,100.5,97.1,103.2,94.6,101.5,97.8,102.2,93.5,102.6,99.2,103.3,93.5,99.9,99.8,96.2,90.2,94.5,97.8
DHH0000I,　　＜特掲＞無店舗小売業（通信販売小売業）,55.4,110.7,106.7,100,97.5,96.4,96.1,96.9,,112.6,102.9,99.2,97,96,95.8,96.5,,108.5,113.3,99.7,121.3,116.2,101.5,93.3,115.6,101.1,101.6,94.4,102.9,97.8,97.8,92.9,101.3,96.1,96,92.4,101.1,94.5,97.3,92.6,99.8,93.3,98,99.2,97.1,91.6,97,101.4
DI00000I,　不動産業,809.2,99.8,98.7,100,101,101.4,101.8,102.1,,99.6,98.9,100.3,101.1,101.5,102.2,101.9,,99.7,100.2,99.9,99.3,99.1,98.3,98.2,99.2,100,100.4,99.4,100.3,101,101.1,100.4,101.4,101.4,101.4,101,101.8,101.6,101.5,101.2,103,103.1,101.8,101.9,101.6,102.3,97.9,102.6
DIA0000I,　　不動産取引業,149.7,102.7,94.9,100,102.9,103.9,104.5,104.8,,101.7,95.4,100.9,103,103.9,105.9,103.5,,102.6,105,103.2,100.1,98.4,93.1,91.7,96.5,100.3,102.4,96.5,100.7,104.1,103.4,99.7,104.5,104.5,104.2,101.4,105.6,104.2,103.7,100.7,109.4,109.9,103.3,104,102.2,104.6,81,108.1
DIAA000I,　　　建物売買業，土地売買業,63.6,109.9,95.6,100,101.7,103.8,105,104.7,,106.4,97.3,100.2,102.1,104.3,106.6,102.7,,104.7,111.3,117.8,105.7,90.8,93.8,95,102.7,97.5,102.7,97.7,102.1,98.4,100.9,100.1,107.4,100,102.7,103.5,109.1,101.7,101.7,101.5,114.8,108.3,100.6,104.1,105.9,100.2,80,110.7
DIAA200I,　　　　新築戸建住宅売買業,15.1,93.8,89.1,100,107.7,108.9,108.7,123.8,,89.8,93.8,102.1,109.1,107.6,113.5,126,,103.3,94.4,94.7,82.8,87.5,87.3,93.4,88.3,106.4,105.8,94.8,93.1,114.5,110.6,103.1,102.7,119.9,110.5,104.2,101,114.5,109.4,104.3,106.7,133.7,126.7,125.9,108.7,142.7,126,148.3
DIAA210I,　　　　　新築戸建住宅売買（首都圏）,7.1,109.8,96.5,100,110.7,114.2,111.1,123.9,,103.5,100,103.1,112.7,111.3,115.8,124.8,,121.3,107.3,112.2,98.5,95.9,96,99.3,94.7,109.8,100.2,93.9,96.1,122,111.1,105,104.6,130.1,116,106.2,104.5,118.4,113.5,105.8,106.7,137,131.1,122.3,105.2,140.4,124.8,151.6
DIAA220I,　　　　　新築戸建住宅売買（中部圏）,4.8,71,78.8,100,101.5,96.3,100.7,130.4,,71.1,84.4,101.6,101.9,96.6,108.7,134.4,,74.3,78.9,73.2,57.8,74.7,79.6,87.9,73.1,96.9,119.3,96,87.9,103.2,109.7,100.2,92.9,104.9,98.8,95.1,86.5,105.8,99.6,96.3,101,138,126.4,136.8,120.2,154,133.4,145.2
DIAA230I,　　　　　新築戸建住宅売買（近畿圏）,3.2,92.4,88.2,100,110.6,116.1,115.4,113.5,,87.7,94.4,100.5,111.9,115.8,115.7,116.3,,106.8,89,88.2,85.5,88.1,79.3,88.6,97,112.9,97.8,95.2,94.1,114.9,111.2,103,113.4,120,115.8,113.5,115,118.8,114.8,112.9,115.2,120.1,117.4,117.6,99,131,117.3,145.3
DIAA300I,　　　　マンション分譲業,24,139,106.5,100,91.9,96.6,96.5,86.6,,133.5,106.8,95.4,92.6,98.7,95.6,80.3,,122,136.3,158.3,139.4,100.1,101.5,101.9,122.7,101,100.4,94.5,104.2,82.6,83.4,89.8,112,85.3,90.2,96.6,114.3,93.6,84.3,89.4,118.6,90,73.2,82.7,100.7,64.7,36.2,75.5
DIAA310I,　　　　　マンション分譲（首都圏）,14.1,141.6,109.7,100,87.5,89.8,86.6,79.1,,139.2,107.7,93.2,89.2,92.6,87.1,72.2,,113.5,140.3,156.1,156.6,103.7,103.7,98.7,132.9,95.4,95.5,97.9,111.2,68.1,79.3,87,115.6,75,81.6,86.2,116.2,86.4,75.8,81.7,102.5,88.2,67.1,67.6,93.6,60.7,31.1,71.6
DIAA320I,　　　　　マンション分譲（近畿圏）,9.9,135.3,101.9,100,98.2,106.3,110.6,97.3,,125.5,105.4,98.6,97.4,107.3,107.7,91.8,,134.2,130.7,161.4,114.9,95.1,98.2,106.4,108,108.8,107.3,89.7,94.2,103.2,89.2,93.6,106.9,99.9,102.5,111.3,111.6,103.9,96.4,100.4,141.5,92.4,82,104.2,110.8,70.3,43.5,81.1
DIAA400I,　　　　土地売買業,24.5,91.3,88.8,100,107.6,107.8,110.9,110.6,,90,90.1,103.9,107.1,107.7,113.1,110.2,,88.6,97.3,92.4,86.8,83.7,90.3,89.4,92,88.7,103.1,102.7,105.5,104.1,112,108.4,105.8,102.1,110.2,109.8,109.1,101.8,114.1,111.7,116,110.5,111.3,111.6,109.1,108.7,94.7,122.1
DIB0000I,　　　不動産代理業・仲介業,86.1,97.4,94.4,100,103.9,104,104.2,104.9,,98.2,94,101.5,103.7,103.6,105.4,104.1,,101,100.3,92.5,95.9,104,92.7,89.2,91.9,102.5,102.2,95.6,99.7,108.4,105.2,99.5,102.4,107.8,105.4,99.9,102.9,106.1,105.1,100.1,105.5,111.1,105.3,103.8,99.5,107.9,81.8,106.2
DIBA100I,　　　　戸建住宅売買仲介,24.3,94.5,93.1,100,104.8,104,102.9,105.3,,96.1,93,102.3,104,103.1,104.1,106.2,,91.2,97.6,92.7,96.5,97.7,91.3,89.5,93.8,97.2,103.3,97.9,101.5,106.4,107.4,101.6,103.9,103,107.5,100.1,105.4,99.4,105.7,100.5,105.9,104.2,107,108.2,102,107.5,91.7,112.9
DIBA200I,　　　　マンション売買仲介,35.9,101.8,96.7,100,103.2,103.9,104.3,107,,103,95.4,100.3,103.8,103.5,105.8,105.7,,107,104.7,93.4,101.8,112,94.2,88.7,91.9,106.8,102.9,92.4,97.8,108,103.7,97.2,104.1,110.3,105.7,97.7,101.8,109,104.8,98.4,105,115,107.9,104.6,100.4,109.9,74.5,104.1
DIBA300I,　　　　土地売買仲介,18.2,91.2,89.5,100,108,108.8,111.8,111.2,,90.6,90.2,103.9,107.7,108.9,114.1,109.9,,87.6,96.8,92.7,87.6,85.3,90.4,90.5,91.7,88.1,102.5,103.4,106,103.4,111.8,110.3,106.4,102.4,110.4,111.8,110.8,102.7,114.4,113.4,116.9,111.7,111.5,112.2,109.4,106.5,91.8,117.9
DIBB000I,　　　　住居賃貸仲介,7.7,101.3,99.7,100,94.1,93.4,89.4,79,,100,100.2,99,93.1,92.7,87.2,76.9,,135.2,96.6,86.8,86.4,130.2,94.9,87.5,86,132.4,94.4,85.1,88.1,128.2,89.9,77.8,80.6,124.3,85.3,81.7,82.2,121.6,82,74.5,79.5,112.6,72.6,67,63.9,104.1,60.3,67.2
DIC0000I,　　不動産賃貸業,659.5,99.1,99.6,100,100.5,100.9,101.2,101.5,,99.2,99.7,100.1,100.6,100.9,101.4,101.6,,99,99.1,99.1,99.2,99.3,99.5,99.7,99.8,99.9,99.9,100,100.2,100.3,100.6,100.6,100.6,100.7,100.8,100.9,100.9,101,101.1,101.4,101.5,101.6,101.5,101.4,101.5,101.8,101.8,101.3
DICA100I,　　　貸事務所業,258.1,95.9,98.1,100,102.2,103.9,105.8,107.7,,96.3,98.6,100.5,102.7,104.3,106.5,108.1,,95.3,95.7,96,96.5,97.1,97.7,98.5,98.9,99.4,99.8,100.1,100.8,101.2,102.3,102.5,102.8,103.2,103.8,104.1,104.4,104.8,105.3,106.2,107,107.3,107.5,107.8,108.1,109.1,109.5,108.7
DICA200I,　　　住宅賃貸業,383.3,101.3,100.6,100,99.4,98.8,98.2,97.3,,101.1,100.5,99.9,99.3,98.7,98,97.1,,101.6,101.4,101.2,101,100.8,100.7,100.5,100.4,100.2,100.1,99.9,99.8,99.6,99.5,99.3,99.2,99,98.9,98.7,98.6,98.4,98.2,98.1,97.9,97.7,97.4,97.2,97,96.8,96.6,96.4
DICA300I,　　　駐車場業,18.1,98.8,99.6,100,100.4,100.8,101.2,101.1,,99,99.7,100.1,100.5,100.9,101.3,101.1,,98.6,98.5,98.9,99.2,99.4,99.3,99.7,99.9,99.9,99.8,100.1,100.3,100.2,100.1,100.4,100.7,100.7,100.6,101,101.1,101.1,101,101.3,101.4,101.3,101.2,100,101.7,101.5,101.4,101.4
DJ00000I,　医療，福祉,1238.9,96.1,97.8,100,102,104.1,105.9,107.8,,96.5,98.3,101.2,102.1,104.7,106.3,107.8,,94.4,96.1,96.3,97.4,96,97.4,98.3,99.5,98,100.1,100.1,101.8,102.6,100.6,101.8,103.1,102.9,103.5,104.4,105.8,105,104.6,105.5,108.4,106.8,106.5,108.5,109.3,106.9,97.6,105.3
DJA0000I,　　医療業,892.6,96.2,97.6,100,102.4,104,106.2,109.2,,96.5,98.3,101.2,102.3,104.6,106.7,109.4,,95.3,96.1,96,97.4,96.6,97.3,97.6,98.9,99.5,99.3,99.3,102,104.2,101,101.4,103.1,103.6,103.3,103.6,105.4,106,105,105.1,108.7,108,107.9,109.5,111.3,109,98.1,106.5
DJAA000I,　　　病院・一般診療所,790.9,96.3,97.6,100,102.5,103.9,106.2,109.1,,96.6,98.3,101.3,102.2,104.6,106.7,109.4,,95.6,96,96.2,97.4,96.9,97,97.6,98.9,99.6,99,99.4,102,104.7,100.7,101.4,103.1,103.8,103,103.5,105.4,106.5,104.7,105.2,108.6,108.2,107.7,109.5,111.2,109,98.1,106
DJAB000I,　　　歯科診療所,101.7,95.6,97.7,100,102.4,104.4,106,109.4,,95.9,98.8,100.5,102.8,104.5,107.1,109.9,,93,97.5,95.1,96.8,94.1,99.8,97.9,99.1,98.5,101.6,98.2,101.7,100.6,103.7,101.9,103.4,102,105.7,104.1,105.8,102.6,107.6,104.1,109.9,106.6,109.4,109.4,112.1,108.4,98,109.9
DJB0000I,　　保健衛生,30.9,102.9,105.4,100,105.2,116.6,114,105.7,,102.5,104.7,102.1,106,116.4,116.4,103.5,,84.8,105.1,113,108.6,83.1,105,119.6,113.9,80.4,95.7,112.6,111.3,88.9,96.6,118.4,116.7,92.3,114.5,134.3,125.1,91.6,108,128.1,128.1,101.1,99.1,116.7,105.9,92.2,62.9,106.1
DJC0000I,　　社会福祉・介護事業,315.4,94.9,97.7,100,100.5,103.4,104.1,104.1,,95.7,97.6,100.9,101.2,103.8,104.3,103.8,,92.8,95.2,95.1,96.6,95.8,97,98.2,99.6,95.7,102.8,101.1,100.4,99.1,99.8,101.2,101.8,102.1,103.2,103.7,104.8,103.4,103.1,104.3,105.5,104,103.3,105.1,104,102.8,99.9,102
DK00000I,　生活娯楽関連サービス,1115.5,101.3,100.4,100,98.3,97.9,97.4,98.7,,101.4,100.1,99.7,97.9,97.8,98,96.1,,95.9,99,106.2,104.2,96.1,98,104.2,103.4,94.9,98.4,104.4,102.3,93.7,96.1,102.3,100.9,92.5,96.7,102.5,99.9,92.2,95.6,101.3,100.5,94.4,98.4,103.2,99,84,54.5,75.7
DKA0000I,　　宿泊業,90.3,92.4,94.1,100,98.1,97.8,99.6,105.2,,93.1,95.4,100.2,97.9,97.9,101.4,100.9,,83.3,86,106.4,94,86.1,88,105.8,96.5,91.2,94.3,113.2,101.3,92.1,92,110,98.2,91.2,93.9,108.5,97.8,91.3,95.3,110,101.7,98.7,105.1,113.8,103.3,81.2,24.5,57.1
DKAA000I,　　　旅館,25.4,100.2,98.2,100,97.9,93.4,91.5,86.9,,99.9,98.2,100.4,96.4,93.1,90.8,81.9,,90.8,90.9,119.9,99.4,89.5,87.7,116,99.4,89.8,89.6,119.1,101.5,91.4,88.2,114.4,97.4,85.4,85.7,109.3,93.1,84.5,84.8,104.1,92.5,81.8,83.8,99.2,82.8,62,13.6,53.4
DKAB000I,　　　ホテル,64.9,89.4,92.5,100,98.2,99.6,102.7,112.4,,90.5,94.3,100.2,98.5,99.7,105.5,108.3,,80.4,84.1,101.1,91.8,84.8,88.1,101.8,95.3,91.8,96.2,110.9,101.1,92.4,93.4,108.4,98.6,93.5,97.1,108.2,99.7,94,99.4,112.2,105.3,105.2,113.4,119.6,111.4,88.8,28.8,58.6
DKB0000I,　　飲食店，飲食サービス業,408.2,100.4,100.2,100,98.8,99.8,99.6,99.6,,100.4,100.1,99.9,98.9,100,99.7,97.2,,95.4,94.2,106.5,105.3,95.6,94.9,105.9,104.2,95.5,94.6,105.8,104,95.1,92.5,104.2,103.5,95.2,93.9,106,104.2,95.8,93.4,105.6,103.8,96,94,106,102.4,86.3,49.3,78.6
DKBA100I,　　　食堂，レストラン，専門店,221,94.9,97.5,100,99.7,101.3,101.8,101.2,,95.4,98.2,100.1,99.9,101.8,101.9,98.9,,89.6,89.9,106.4,93.7,91.6,93.4,108.7,96.2,94.6,95.7,111.5,98.1,95.2,94.8,110,99,95.9,96.4,112.7,100.2,97.7,96.5,113.4,99.5,98.2,97.4,112.5,96.7,89,50.6,85.1
DKBA200I,　　　パブレストラン，居酒屋,75.6,112.6,106.6,100,92.3,91,88.4,85.8,,111,105.1,98.3,91.7,90.1,88.4,81.8,,109.1,96.9,105.3,139,102.8,93.4,99.7,130.3,97.2,87.4,94,121.5,90.3,77.6,86.1,115.4,87.6,78.1,84.5,113.6,84.3,74.7,81.2,113.3,84.3,72.8,79.2,106.7,68.3,13.4,36.3
DKBA300I,　　　喫茶店,27.9,97.6,98,100,100.9,103.3,103.7,105,,97.5,98.9,100.3,101.4,103.6,103.7,102.5,,90.2,94.9,108.6,96.6,90.1,95.3,109,97.8,93.6,96.3,110.2,100,94.6,95.9,111.8,101.3,96.6,98.9,114,103.8,97.6,99.9,112.6,104.7,97.7,100.4,118,104,87.5,39.8,80.8
DKBA400I,　　　ファーストフード店,21.7,109.2,106,100,104.5,110,112.3,115.3,,108.9,103.3,101.2,105.9,111.1,112.7,115.5,,102,100.2,124.5,109.9,100.8,99.7,117.5,106,90.1,90.7,114.6,104.7,94.9,93.8,118.7,110.7,100.3,100,124.9,114.6,104.9,101.6,127.1,115.7,106.2,104.7,131.8,118.6,107,91.6,126.4
DKBB000I,　　　飲食サービス業,62,103.1,100.9,100,100.6,100.4,99.3,102.9,,103.7,100.4,100.3,100.3,100.2,99.1,101.1,,99.4,103.6,101.4,108,101.7,100.7,97.9,103.2,99.6,100,94.8,105.6,100.6,100.9,97,103.8,99.6,100.2,98.2,103.7,98.8,99.1,96.8,102.5,98.1,101.1,101.4,111,90.9,77.6,89.6
DKC0000I,　　洗濯・理容・美容・浴場業,131.8,101.2,99.8,100,98.8,96.3,95.5,97.4,,102,99.5,99.4,97.8,96.8,95.9,95.2,,92.6,106.1,102,104.1,95.6,104.9,97.1,101.8,94.2,105.6,100.9,99.2,91.7,105.9,98.4,99,88,103,97.6,96.5,90.1,101.5,94.7,95.8,91.7,105.2,99.2,93.5,82.7,70.5,76.8
DKCA000I,　　　洗濯業,43.8,100.6,100,100,98.9,96.1,96.2,99,,102.2,99.1,99.5,98.1,97.2,96.9,95,,82.8,116.9,100.2,102.3,89.4,115.5,97.4,97.8,85.8,117.7,100.2,96.3,83.6,116,99,96.9,80.5,116,95.3,92.7,84.9,112.6,94,93.4,87.6,118.4,98.2,91.7,71.7,56.1,54.1
DKCA100I,　　　　普通洗濯業,16.4,109.2,109,100,100.4,91.7,89.1,88.2,,112.7,105.4,98.2,98.4,94.4,88,85.2,,77.4,162.8,83.9,112.7,91.5,160.5,81.7,102.1,77.3,155.6,76.5,90.5,70.2,155.6,79.2,96.5,62.3,150.9,69.7,84,73,139.3,64.2,79.9,68.7,139.4,68.4,76.1,56.8,105.4,47.3
DKCA200I,　　　　リネンサプライ業,27.4,95.4,94.7,100,98,98.8,100.5,105.5,,95.9,95.4,100.2,97.9,98.9,102.2,100.9,,86,89.5,110,96.1,88.2,88.6,106.9,95.2,90.8,95.1,114.3,99.8,91.5,92.2,110.8,97.2,91.4,95.2,110.6,97.9,92,96.5,111.8,101.5,98.9,105.9,116,101,80.6,26.6,58.2
DKCB100I,　　　理容業,14.6,103.5,98.9,100,99.1,96.2,97.3,101.7,,102.2,99.8,99.6,98.1,96.4,99.5,99.4,,99,103.1,104.9,107.1,93.7,99.8,98.5,103.6,97.3,104.1,99.7,99,95.8,101.5,100.8,98.3,91.6,98.6,98.7,95.7,92.5,97.8,97.6,101.3,101.4,108.8,102,94.7,92.1,91.5,92.4
DKCB200I,　　　美容業,50.5,104.3,100.7,100,99.2,95,94.1,91.8,,104.3,100.5,99.1,98.2,94.6,94.1,90.3,,98.7,105.3,106.2,106.9,98.7,99.6,98.3,106.1,98.2,99.7,100,102.1,94.5,102.6,98.1,101.8,90.1,96.3,97.7,96,88.5,98.5,94.6,94.8,88.5,93.5,94.7,90.5,82.4,76.2,87.8
DKCC100I,　　　浴場業,8.2,93.6,94.4,100,88.4,88.8,81,82.9,,97,93.3,98.9,87.1,90,76.2,82.7,,92.5,84.6,101.6,95.6,106.2,94.7,92.7,84,101.6,89.9,110.6,97.8,97.2,87.7,89,79.8,91.9,79.6,93.4,90.5,96.4,72.4,80.3,74.7,77.4,80.3,96,77.9,76.6,33.5,54
DKCD000I,　　　その他の洗濯・理容・美容・浴場業,14.7,94.6,100,100,102.3,105.2,105,115.8,,95.5,100,100.1,101.9,107.2,106.8,115.2,,95.2,91.9,89.8,101.5,98.9,101.7,92.7,106.6,98.7,100.2,101.7,99.4,99.1,102.1,100.7,107.2,97.5,104.4,105.4,113.5,105.5,99.2,102,113.1,112.8,116.7,116.6,117.1,110.4,93.4,104.1
DKD0000I,　　その他の生活関連サービス業,99.9,107.3,104.7,100,98,98.1,97.4,97.8,,107.4,102.3,100.2,98,97.9,97.3,93.6,,103.3,102.6,102.7,120.8,103.4,99.1,99.2,117,94,95.7,99.3,110.9,94.7,93.1,96.5,107.6,94.6,94.9,95.9,106.9,94,94.6,94.4,106.5,93.9,97.8,95.2,104.2,77.3,36.7,51.9
DKDA000I,　　　旅行業,42,102.2,99.6,100,96.8,98.2,96.8,94.8,,101.8,98.6,100.7,96.5,98.1,96,87.3,,95.4,95.2,111.7,106.4,94.1,92.8,108.2,103.2,90.3,94,111.2,104.6,93,88.7,105.9,99.7,91.6,92.5,106.9,101.8,91.3,93.9,101.1,100.6,88.2,94.8,99.8,96.5,58,5,22.1
DKDA100I,　　　　国内旅行,28.2,98.5,96.9,100,98.4,97.7,95.1,93.1,,99.2,96.4,101.5,97.5,97.3,94.8,86.2,,86.8,91.9,110.1,105.1,89.7,90.3,106.2,101.3,87.7,93.6,112.7,106,93.6,89.3,108.7,102.1,89.9,92,107.8,101,88.3,92.5,99.1,100.5,87.1,94.2,97.9,93.2,59.4,6.8,31.8
DKDA200I,　　　　海外旅行,12.1,117.6,110.5,100,90.6,94.7,93.2,89.1,,114.5,107.6,98,90.8,95.1,91,80.8,,123.2,107.6,124.3,115.4,110.5,100.6,119.6,111.1,99.1,92.3,109.3,99.3,90.9,81.4,99.5,90.4,91.7,86.5,103.7,96.9,93.1,86.3,101.6,91.8,84.1,84.1,96.8,91.4,51,1.2,1.6
DKDA300I,　　　　外人旅行,1.7,52.4,67,100,115.2,131.8,149.3,164.3,,55,71.8,106.8,120.8,134.5,150.7,151.6,,39.9,60.2,47.7,61.7,50.3,79.9,60.4,77.5,69.5,112.1,99.3,119,96.8,132.2,105.6,126.1,119.1,142.5,116.5,148.9,130.1,170.4,132.1,164.5,135.8,181.1,151.4,189,85,2.3,6.5
DKDB000I,　　　冠婚葬祭業,50.7,111.5,108.2,100,98.8,98,98.3,99.9,,111.9,104.8,99.8,99,98.2,97.9,98.5,,111.9,110.9,97.2,126.1,113.1,104.3,89.9,125.5,99.5,99.3,89.3,111.9,98.5,97.9,88.5,110.2,99.3,96.3,86.1,110.1,100.2,96.3,87.6,109.1,98.6,99.3,92.3,109.6,92.8,62.8,70.3
DKDB100I,　　　　葬儀業,31.7,101.4,100.8,100,100.2,103.1,104.8,105.9,,101.1,101,99.2,101.5,103.9,104.2,105,,111.7,95.6,93.9,104.4,110.5,95.1,91.9,105.5,111.5,93.9,92.1,102.6,108.1,93.8,93.3,105.4,113.6,97,94.4,107.4,116.6,97.2,97.1,108.3,114,100.6,99.2,109.6,110.4,96.9,98.2
DKDB200I,　　　　結婚式場業,19,128.5,120.7,100,96.5,89.5,87.4,90,,129.8,111.1,100.8,94.8,88.8,87.4,87.6,,112.1,136.6,102.8,162.4,117.5,119.7,86.3,159,79.5,108.3,84.7,127.6,82.6,104.7,80.5,118.2,75.6,95.3,72.4,114.7,72.8,94.7,71.8,110.4,72.8,96.9,80.8,109.4,63.3,5.9,24
DKDC000I,　　　写真業,7.2,107.9,109.3,100,99.4,97.7,94.5,99.8,,108,106.6,100.1,99.5,94.6,101.5,96.5,,88.1,87,88.3,168.3,88.3,98.6,112.4,137.8,77.6,81.2,100.6,140.6,78,85.4,98.2,135.8,78.5,98.7,99.8,113.9,65.8,86.5,102.2,123.5,93.8,104.8,89.2,111.4,80.5,37.7,95.4
DKE0000I,　　娯楽業,234.3,102.3,100.9,100,95.6,94.9,94,95.6,,102.2,100.5,99.1,95,94.5,95,92.8,,94,104.3,111,100,93.6,103.3,108.5,98.3,92,103,106.7,98.3,88.2,97.8,101.8,94.5,85.9,98.7,102.4,92.6,84.5,96.6,99.8,94.9,88.6,99.7,101.7,92.3,77.6,49.1,74.8
DKEA000I,　　　映画館,2.4,100,103.2,100,104.7,104.6,94,111.7,,99.5,101.5,98.6,110,99.3,98.2,104.3,,100.1,81.6,127.7,90.3,98.3,114.8,117.2,82.5,91.4,97.1,123.9,87.6,85.8,101.8,122.1,109.1,106.8,110.4,111.9,89.2,85.5,94.7,105.6,90.1,102.4,111,138.2,95.1,72.9,7.1,52.3
DKEB000I,　　　劇場・興行団,20.8,86.3,92.9,100,101.2,102.6,104.5,112.6,,86.4,95,100,100.8,103.9,105.9,109.3,,55.7,95.2,119.6,74.6,56,98.9,131,85.7,64.3,114.9,134.6,86.3,64.3,114.3,140.3,85.8,62.9,120.4,140.6,86.5,68,120.5,139.1,90.2,73.7,129.4,151.5,95.6,60.5,31.5,26.1
DKEB100I,　　　　音楽・芸術等興行,11.9,81.7,89.7,100,100.3,100.6,102.3,112.4,,81.4,93.3,99.2,100.4,101.8,103.8,112.4,,68.4,69.5,101.6,87.5,67.1,70.7,118.7,102.3,81.5,85.5,123.9,109,78.5,82.7,128.1,112,78.9,88.3,127,108,83.8,91.5,126,107.8,90,99.4,142.9,117.5,89.9,54.9,21
DKEB200I,　　　　プロスポーツ興行,8.9,92.4,97.2,100,102.4,105.4,107.4,112.7,,93,97.2,101.1,101.4,106.7,108.6,105,,38.8,129.7,143.7,57.4,41.1,136.5,147.6,63.5,41.2,154.1,148.9,55.8,45.4,156.6,156.7,50.7,41.5,163.3,158.8,57.8,46.8,159.2,156.7,66.7,51.9,169.6,163,66.2,21.1,0,32.9
DKEB210I,　　　　　相撲,0.6,76.9,88.7,100,102.5,104.9,105.3,106.5,,79.2,93.4,101.2,102.8,105.3,105.3,92.2,,106.3,62.1,105.8,33.2,115.8,72.1,126.8,40,134.7,82.1,140,43.2,139.5,83.2,140,47.4,140.5,84.2,142.6,52.1,142.1,85.3,143.7,50,142.1,85.3,147.9,50.5,85.3,0,25.3
DKEB220I,　　　　　ボクシング,0.5,103.6,124.3,100,95.3,97.4,89.5,86.3,,101.1,122.7,103.4,95.7,99,85.7,78.5,,57.2,132.9,113.2,111.3,47,129.6,90.4,230.1,40.6,120.9,92,146.5,54.2,101.6,108.4,116.7,56.2,131.4,96.3,105.8,62.4,102.7,94.1,98.8,47.3,87.7,81.6,128.4,16.1,0,13.9
DKEB230I,　　　　　プロ野球,4.6,91.3,94.9,100,102.2,102.8,105,109.3,,91.3,95.9,100.9,99,103.6,105.8,106.8,,8.9,155.5,176.9,23.8,8.9,162.9,187.4,20.4,12.7,177.6,190.5,19.2,16.4,188.2,194.1,10.1,3.6,192.6,196.6,18.3,6.9,195.4,191.7,26.1,10,205.7,210.8,10.9,0,0,37.7
DKEB240I,　　　　　サッカー,2.2,98.2,98.3,100,101.5,107.1,108.5,117,,99.1,95.8,101.7,102.2,110.6,109.7,103.6,,48.9,108.8,141.9,92.9,52.7,119.2,131.6,89.8,42.7,162.8,126.1,68.3,49.6,155.1,142,59.4,52.1,148.9,147.5,79.7,66.1,122.4,154.3,91.3,70.8,164.8,136.6,95.8,17.4,0,44.4
DKEB250I,　　　　　ゴルフ,0.4,98.8,104.6,100,99.3,96.3,99.9,109.7,,98.9,104.5,100.7,100.3,95.9,99.3,104.8,,16.9,164.6,83.2,130.4,17.5,157.6,100.5,142.9,17,136.6,104,142.5,19.6,135.9,98.4,143.6,23.4,149.7,107.8,104.3,21.6,162.6,99.7,115.5,19.4,132.3,128.3,158.6,0,0,0
DKEB260I,　　　　　バレーボール，バスケットボール,0.6,82.3,91.5,100,114.7,132,143.2,153,,87.1,90.1,98.1,121,131.5,155.1,130.9,,162.5,50.4,0,116.2,181.9,54.1,0,129.7,176.3,53.4,0,170.2,168.8,52.8,20.6,216.7,193.6,106.4,11.8,216.2,191.4,135.7,0,245.6,239,88,0,284.8,151,0,0
DKEC000I,　　　競輪・競馬等の競走場，競技団,31,93.3,96.2,100,104.1,108.6,112.2,119.1,,93.7,96.8,101.2,104.6,109.9,114.5,118.6,,94.2,97.3,84.4,97.3,95.5,99.1,86.7,103.6,97.7,102.7,90.9,108.7,102.5,106.3,93.7,114,104.5,110.9,100.7,118.4,109.6,114.4,103.2,121.7,118.6,122.7,109.5,125.7,116.6,120.3,130
DKEC100I,　　　　競輪場,7.4,97.7,98.5,100,101.6,102.7,104.2,108,,97.2,98.7,101.2,101.8,102.6,104.9,105.9,,101.4,98,92.8,98.7,99.4,98.5,96.7,99.3,100.5,101,96.7,101.8,105.1,98,100,103.2,105.9,99.8,100.5,104.4,105.8,103.9,99.2,107.8,108.7,108.4,105.2,109.6,100.4,71.4,125.2
DKEC200I,　　　　競馬場,20.1,91.9,95.6,100,104.9,109.6,112.7,118.5,,92.6,96.1,101.3,105.2,111.1,115.1,118.4,,91.7,97.9,80.5,97.6,94.3,100.1,81.8,106.2,96.4,104,87.7,112,101.4,109.8,90.1,118.4,102.7,114.6,98.4,122.6,108.6,116.8,101.5,123.8,118.3,124.3,105,126.5,117.7,131.3,118.1
DKEC300I,　　　　オートレース場,0.2,103.9,100.5,100,98.5,97.7,102.8,111.8,,102.3,99.4,100.9,97.3,98.1,104.8,109.9,,105.2,110.2,102.5,97.8,98.6,103,105.8,94.7,94,104,99.9,102.1,97.8,102.6,93.7,100.1,92.9,104,95.2,98.6,94.6,108.1,99.5,108.9,102.7,116.2,109.7,118.8,95,116.6,140.1
DKEC400I,　　　　競艇場,3.3,91.2,94.7,100,105.2,116.7,128,148.4,,91.7,96.3,100.8,107.5,119.7,132.8,149.3,,92,91.5,88.6,92.7,93.8,94.5,92.8,97.5,100.2,98.6,97,104.2,103.5,104.2,101.4,111.8,112.6,113.4,115.4,125.4,124.8,123.5,122.6,141.3,143.8,145.3,146.9,157.5,147.4,163.2,213
DKED000I,　　　スポーツ施設提供業,56.4,101.1,99,100,99.1,99.6,97,98.9,,100,99.5,100.2,98.8,99.4,97.9,97.4,,82.9,112.1,109.8,99.8,78.5,109.6,108.9,98.9,80.4,110.1,107.9,101.6,81.1,108.4,107.7,99.1,79.8,110.2,110,98.2,79.4,109,100.3,99.2,82.9,108.6,105.9,98.4,77,61.4,94.4
DKED100I,　　　　ゴルフ場,28.4,98.6,98.1,100,97.3,97,92.2,96.3,,97.3,99.1,100.2,96.9,96.6,93.8,96.1,,63.5,116.3,115.4,99.2,58.1,117.3,117.3,99.9,61.9,117.9,116.2,104,62.5,113.2,114.5,99.2,60.6,115.5,116,95.8,58.8,112.5,100.2,97.5,65.2,112.9,109.4,97.6,64.4,80.2,107
DKED200I,　　　　ゴルフ練習場,6.8,102.9,100.2,100,99.7,100.3,96.9,98.9,,101.5,100.7,100.4,99.2,100.2,97.7,100.2,,91.8,115.6,101.9,102.5,85.9,112.9,103.1,99.1,87.9,111.1,99.1,102,89.3,110.1,98.7,100.5,87.5,111.6,102.9,99,87.1,109.7,91.4,99.3,90.4,108.6,97.8,98.7,95.7,91.7,106.8
DKED300I,　　　　ボウリング場,4.3,119.6,109.8,100,95.7,94,92.2,87.7,,118.8,106.3,98.5,94,94.7,90.9,84,,137.5,118.1,115.4,107.3,134.5,103.4,102.5,98.7,120.6,93,95.6,90.7,114.7,91.4,91,85.7,107.9,87.7,92.1,88.1,110.7,86.2,88.4,83.7,105.4,85.1,84.1,76.3,90.4,19.3,52.6
DKED400I,　　　　フィットネスクラブ,16.9,100,97.2,100,102.6,105.1,106.2,106.3,,99.4,97.8,100.6,103,105.3,106.5,102.1,,98.1,102,102.2,97.7,95.6,97.1,98.6,97.3,98.3,101,100.8,99.9,100.5,103.9,104.3,101.8,102.1,106.5,107.3,104.4,102.8,108.7,107.1,106,104.1,107.2,108.8,105.2,87.2,28.4,79
DKEE000I,　　　遊園地・テーマパーク,24.5,92.9,95.8,100,98.6,99.2,100.7,101,,94.4,98.1,99.6,98.5,99.1,101.6,91,,74.8,82.4,117.1,97.4,80.6,82.5,118.1,101.8,89.8,86.4,118.4,105.3,88.3,85.8,115.7,104.5,88.1,89.9,117.7,101,87.8,91,113.9,110.3,91.2,94.7,114.7,103.1,51.3,5.8,44.7
DKEF000I,　　　パチンコホール,99.2,111.6,106.4,100,88.8,85,82.7,81,,111.5,104.1,97.4,87.4,83.8,83.2,78.9,,112.9,109.9,116.3,107.1,112.5,106.9,107.9,98.5,103.2,100.9,101.7,94.2,92.8,88.6,88.9,84.8,87.2,85.7,86.6,80.6,82.1,80.5,86.7,81.3,84.4,82.2,82.4,75,75.9,35.2,64.5
DKF0000I,　　学習支援業,94.6,98.8,98.1,100,101.5,102.8,103.7,103.4,,98.7,98.2,100.6,101.8,103.2,103.6,102.8,,98.5,92.8,100.3,103.7,97.9,92,99.5,103.1,98.1,94.2,102.1,105.6,100.4,95.6,103.4,106.8,101.5,96.7,104.7,108.4,103,97.6,105.6,108.5,102.8,97.8,105.3,107.5,100.5,89.6,97.2
DKFA000I,　　　学習塾,77.5,99.5,98.2,100,101.3,102.4,102.5,101.7,,99.2,98.1,100.6,101.5,102.6,102.3,101.1,,99.3,92.2,101.2,105.1,98.2,90.7,99.8,104,97.9,93,102.5,106.7,100.2,94.1,103.4,107.5,101.1,95,104.5,108.8,102.2,95.2,104.6,108,101.2,95.2,104,106.6,98.6,86.2,95.6
DKFB000I,　　　外国語会話教室,17.1,96,97.9,100,102.5,105,108.8,110.8,,96.3,98.5,100.5,103.1,105.8,109.8,110.5,,95.1,95.7,96.3,97,96.4,97.6,98.5,99,99,100,100.4,100.6,101.1,102.3,103.2,103.5,103.4,104.3,105.8,106.5,106.5,108.2,110.1,110.5,110.3,109.7,111.6,111.5,109.3,105.3,105
DKG0000I,　　ペット・クリニック,10,98.5,102.8,100,105.9,114.7,117.6,131.8,,95.5,106.4,103.8,103.4,117.2,122.1,127.2,,76.8,148.3,95.8,73.1,64.9,126.1,107,113.3,79.3,138.1,99.4,83.2,94.5,151.9,98.5,78.6,84.4,172.1,104.4,98,94.2,165,111.5,99.6,112.1,177,108.8,129.2,93.7,181,121.1
DKH0000I,　　自動車整備業（家庭用車両）,46.4,115.5,108.8,100,97.4,86.3,80.1,84.1,,114.1,106.7,97.7,95.6,82.9,81.9,82.7,,126,115.2,112.7,108.2,120.4,100.5,105,109.2,112.2,100.1,91,96.7,102.8,94,94.5,98.2,95.9,86.5,83,80,82.1,78.2,77.9,82.1,89.2,84.3,88.1,74.6,83.7,79.4,84
J000000I,第３次産業総合（直接調整法）,10000,100.2,99.6,100,100.6,101.5,102.8,103.1,,100.8,99.2,100.3,100.5,101.9,103,102.3,,99.6,98.1,100.8,102.3,101.8,96.2,99.3,101.1,100.2,97.7,100.4,101.7,101.3,97.9,100.8,102.4,101.1,99.4,101.8,103.8,102.5,100.6,102.6,105.4,103.4,101.3,104.6,102.9,100.5,88.1,95.6
JF00000I,　電気・ガス・熱供給・水道業,378.3,104,102.6,100,100.6,100.6,101.2,99.5,,104.3,102,100.6,99.9,100.9,100.6,99.1,,108.6,96.3,108,103,109.9,95.2,103.7,101.8,107.1,93.4,102.2,97.3,109.5,91,102.7,99,106.9,91.7,102.4,101.3,108.2,91.9,105.9,98.8,105.6,91.7,103,97.7,103.9,87.4,100.5
JG00000I,　情報通信業,946.9,99,99.9,100,101.4,102.6,104.6,105.6,,100.2,99.6,100.1,101.8,102.8,105.1,105.5,,107,91.5,99.5,97.9,111.9,90.7,98.2,98.7,110.7,92.2,98.2,98.9,111.2,94.1,99.7,100.8,112.6,95.3,100.9,101.5,113.6,97.9,102.5,104.4,115.6,99,105.4,102.3,115.2,95.1,99.7
JH00000I,　運輸業，郵便業,968.8,99.1,99.9,100,100.5,102.7,103.9,103.7,,100.3,99.4,100.1,100.8,103.1,104,102.7,,96,97,98.7,104.7,100.6,97.2,98.1,103.5,98.7,98.5,99.1,103.7,99.1,98.2,99.3,105.3,100.4,101.5,101.7,107.2,102,102.9,102,108.6,102.4,102.6,103.8,106,98.6,81.8,88.2
JI00000I,　卸売業，小売業,2533.1,103.9,101.4,100,100.1,100.8,101.9,101.3,,104.8,99.8,99.9,99.9,101.2,101.9,100.2,,102.8,102.2,102.7,107.7,106.5,96.4,99.4,103.3,99.9,97.4,99.3,103.4,99.7,97.6,99.7,103.4,98.9,98.7,100.2,105.2,100.5,100.4,100.3,106.2,100.7,100.2,103.7,100.6,96.2,86.9,92.9
JJ00000I,　金融業，保険業,878.5,96.9,96.8,100,98.3,97.6,100.9,100.3,,96.7,97.7,100.3,97.1,98.6,101.1,100.3,,97.3,97.9,96,96.3,96.7,96.2,96.1,98.1,100.5,99.8,100.7,99,101.5,98,96.8,96.8,96.8,97.5,97.1,99.1,100.6,100.6,99.9,102.5,101.2,100.4,100.2,99.2,101.3,98.5,100.7
JK00000I,　不動産業，物品賃貸業,1058.3,99.1,98.5,100,101.4,102.2,102.9,103.4,,99.1,98.7,100.3,101.6,102.3,103.2,103.3,,99.1,98.7,99.4,99.2,99.3,97.4,98.1,99.2,100,99.6,99.7,100.6,101.3,100.8,101.4,102.1,102.2,101.5,102.1,102.8,102.7,102,102.7,104.2,104,102.5,103.6,103.5,103.8,98.8,103.1
JL00000I,　学術研究，専門・技術サービス業,376.1,104.1,101.9,100,101.5,102.4,103,105.3,,104.7,101,100.4,101.8,102.2,103.6,105.1,,98.8,100.8,108.4,108.4,101,99.1,104.8,102.8,97.5,97.1,103.7,101.7,98.9,98.9,105.1,103,100,100.3,105.5,103.7,99.5,101,106.9,104.6,102.1,103.7,109.9,105.4,101.2,99.4,106.5
JM00000I,　宿泊業，飲食サービス業,498.5,98.9,99,100,98.7,99.5,99.6,100.6,,99.1,99.3,100,98.7,99.6,100,97.8,,93.2,92.6,106.5,103.3,93.9,93.7,105.9,102.8,94.7,94.5,107.2,103.5,94.5,92.4,105.2,102.6,94.4,93.9,106.5,103,95,93.7,106.4,103.4,96.5,96,107.4,102.5,85.4,44.8,74.7
JN00000I,　生活関連サービス業，娯楽業,466,103.1,101.4,100,97,96,95.1,96.6,,103.3,100.6,99.4,96.5,95.9,95.8,93.7,,95.6,104.5,106.7,105.6,96.3,102.9,103.3,103.3,93.1,102.2,103.5,101.3,90.6,99.1,99.7,98.6,88.4,99.1,99.7,96.7,88.1,97.6,97.2,97.6,90.6,100.9,99.6,95.2,78.9,52.5,70.4
JO00000I,　学習支援業,94.6,98.8,98.1,100,101.5,102.8,103.7,103.4,,98.7,98.2,100.6,101.8,103.2,103.6,102.8,,98.5,92.8,100.3,103.7,97.9,92,99.5,103.1,98.1,94.2,102.1,105.6,100.4,95.6,103.4,106.8,101.5,96.7,104.7,108.4,103,97.6,105.6,108.5,102.8,97.8,105.3,107.5,100.5,89.6,97.2
JP00000I,　医療，福祉,1238.9,96.1,97.8,100,102,104.1,105.9,107.8,,96.5,98.3,101.2,102.1,104.7,106.3,107.8,,94.4,96.1,96.3,97.4,96,97.4,98.3,99.5,98,100.1,100.1,101.8,102.6,100.6,101.8,103.1,102.9,103.5,104.4,105.8,105,104.6,105.5,108.4,106.8,106.5,108.5,109.3,106.9,97.6,105.3
JQ00000I,　複合サービス事業,11.6,102.4,101,100,97.6,97,99.8,97.5,,102.6,100.9,98.3,97.7,98.9,99.2,97.1,,88.1,113,108.6,99.8,89,109.8,107.5,97.7,88.6,111.3,108.3,91.8,81.9,105.5,108,95.2,82,103.9,107,95,89.6,109.9,104.6,95,87.3,102.6,102.5,97.4,86,99.3,96.6
JR00000I,　その他サービス業（公務等を除く）,550.4,97.5,96.2,100,104.4,106.5,107.4,107.8,,97.7,96.2,101.2,105.1,106.6,107.9,107.1,,98.5,94.9,97.1,99.2,99.4,93.3,95.7,96.5,99.3,97.6,101,102,104.1,100.7,104.8,108.1,106.7,105.9,105.1,108.2,107.1,105.4,106.4,110.7,108.9,106,108.8,107.4,106.4,96.2,98.5
SBA0000I,　サービス業,1392.5,101.1,99.5,100,101.1,101.8,102.1,103.3,,101.4,99,100.4,101.3,101.8,102.7,102.1,,97.6,99.7,103.3,103.9,98.8,98.1,100.7,100.4,96.7,99,102.5,101.7,98.2,99.7,103.2,103.6,98.8,102.1,103.4,103.1,98.7,101.6,103.5,104.7,100.9,103.6,106,102.8,95.8,82.4,91.2
SBA1000I,　　対個人サービス業,495,104.6,102.5,100,97.2,95.3,93.9,95.6,,104.5,101.6,99.3,96.4,94.9,94.6,92.9,,98.6,107.2,106.8,105.7,98.3,103.9,103.3,104.5,94.7,103.1,101.6,100.5,91.8,100.1,98.5,98.2,88.8,99.6,97.6,95.1,87.5,97.2,94.9,96,90.4,100.6,97.8,93.7,79.6,59,73.4
SBA2000I,　　対事業所サービス業,897.5,99.2,97.8,100,103.3,105.5,106.6,107.6,,99.7,97.5,101,104,105.6,107.1,107.1,,97,95.6,101.4,102.8,99,94.8,99.2,98.2,97.8,96.8,103.1,102.3,101.7,99.4,105.7,106.5,104.2,103.5,106.6,107.5,104.9,104,108.2,109.5,106.7,105.3,110.6,107.8,104.7,95.3,101.1
SBB0000I,　広義対個人サービス,4887.5,99.7,99.5,100,100,100.6,101.7,102.2,,100.2,99.1,100.3,99.8,100.9,102,101.4,,98.3,98.6,100.5,101.4,100.1,96.9,99.5,101.3,98.8,98.9,100.7,101.6,100,98.3,100.2,101.5,99.1,99.4,101.4,102.6,100.1,100.1,102,104.5,101.5,101.2,104,102.2,98,84.6,94.5
SBB1000I,　　広義非選択的個人向けサービス,2611.7,98.4,98.8,100,100.4,100.4,102,102.4,,98.5,99.1,100.6,99.9,100.8,102.3,102.1,,98.9,97.2,98.4,99.2,99.4,97,98.6,100.2,100.4,98.9,99.8,100.9,102.7,98.6,99.8,100.4,100.6,98.8,100.2,101.8,102.3,100.4,101.5,103.7,103.5,101,102.5,102.6,102.4,95.2,100.3
SBB2000I,　　広義し好的個人向けサービス,2275.8,101.3,100.2,100,99.5,100.9,101.3,102,,102.1,99.2,99.9,99.6,100.9,101.8,100.5,,97.8,100.3,103,104,100.9,96.9,100.5,102.5,97.1,98.9,101.7,102.4,96.8,97.9,100.6,102.8,97.3,100,102.6,103.4,97.6,99.9,102.5,105.3,99.4,101.4,105.8,101.6,93.1,72.5,87.8
SBC0000I,　広義対事業所サービス,5112.5,100.6,99.7,100,101.2,102.4,103.8,103.9,,101.3,99.2,100.3,101.3,102.8,103.9,103.3,,100.8,97.5,100.9,103.1,103.5,95.4,99.1,100.9,101.5,96.6,100.2,101.7,102.5,97.5,101.4,103.3,103,99.4,102.2,105,104.7,101.1,103.1,106.2,105.2,101.3,105.3,103.6,102.9,91.4,96.7
SBCB100I,　　製造業依存型事業所向けサービス,1409.3,103,101.3,100,100.9,102.2,103.2,102.6,,103.8,100.4,99.9,100.9,102.8,103.3,101.2,,105.8,98.2,103.3,104.9,108.8,95.9,99.7,100.9,105,95.2,99.1,100.8,104.7,95.2,100.7,102.9,104.8,98.1,101.4,104.6,107,99.2,101.3,105.3,107.4,99.2,103.8,99.9,102,86.3,92.1
SBCB200I,　　非製造業依存型事業所向けサービス,3703.2,99.7,99.1,100,101.3,102.4,104,104.3,,100.3,98.8,100.4,101.4,102.8,104.1,104.1,,98.9,97.2,100,102.5,101.5,95.2,98.8,100.8,100.1,97.1,100.7,102.1,101.7,98.3,101.6,103.5,102.3,99.9,102.4,105.1,103.8,101.8,103.8,106.6,104.4,102.2,105.8,105,103.2,93.4,98.4
SBE2000I,　投資向けサービス,965.4,104.4,102.1,100,100.5,102.8,103.7,105.4,,105.2,100.9,99.3,101.2,103,104.4,104.5,,109.2,95.9,108.1,104.4,112.4,93.6,103.5,98.7,107.8,92.2,101.7,98.3,105,92.5,103.3,101.1,107.7,96.5,104.4,102.6,108.7,97.8,104.6,103.8,111.2,100.4,110.2,99.9,107.3,88.1,97.5
SBRA000I,　観光関連産業,557.3,97,97.7,100,100.3,101.6,102.7,104.3,,97.8,97.7,100.3,100.4,101.8,103.1,101.2,,90.6,94.7,103.6,98.9,93.9,94.5,103.1,99.3,93.8,97.6,106.8,101.7,95.2,97.5,106.4,102,95.8,99.8,107.5,103.3,96.7,101.2,107.8,105.3,98.3,103.8,110.4,104.6,86.2,49.2,69
SKEL000I,　第３次産業総合（除く卸売業、小売業）,7466.9,98.9,99,100,100.7,101.8,103.1,103.7,,99.4,99,100.4,100.7,102.1,103.4,103.1,,98.5,96.7,100.1,100.5,100.3,96.1,99.2,100.3,100.3,97.8,100.8,101.1,101.8,97.9,101.1,102.1,101.8,99.6,102.3,103.3,103.2,100.7,103.3,105.1,104.4,101.7,105,103.7,102,88.6,96.5
